image_name,brightness_mean,contrast,image_width,image_height,split
08fd33_0_1_png.rf.15fee0064ecbc442fabe68c6406dc72e.jpg,57.40059172453704,49.50358677436593,1920,1080,train
08fd33_0_1_png.rf.1ca1e0a79d47e68d0242bfca9de8163d.jpg,86.16731240354939,52.94016667876588,1920,1080,train
08fd33_0_1_png.rf.894b42ba8e7552e06976b45ed6cb9f31.jpg,114.83339747299382,51.22793651150566,1920,1080,train
08fd33_0_2_png.rf.09a0575f09daaae149b010654d962faa.jpg,126.90613329475309,47.894112151487896,1920,1080,train
08fd33_0_2_png.rf.6f4b5fe284a2cd13b17e5abf08907af2.jpg,90.11283227237654,48.119984615933994,1920,1080,train
08fd33_0_2_png.rf.701a9d6ec9d6188401d09172f0a47211.jpg,68.55441840277778,45.73477888512625,1920,1080,train
08fd33_0_3_png.rf.2a794d79f06176f62c732a3c7c3c544a.jpg,100.67762972608024,47.441859058117544,1920,1080,train
08fd33_0_3_png.rf.5703024a6a1dde22ea6305caf1835432.jpg,83.45900366512346,45.90070814432861,1920,1080,train
08fd33_0_3_png.rf.5dbf3adcb83605593f56252d4373c4f0.jpg,110.38453269675927,48.06506825864023,1920,1080,train
08fd33_0_4_png.rf.3aa9c2c981bad5a5e5559ae284da8bd7.jpg,106.5211294367284,42.96884118528405,1920,1080,train
08fd33_0_4_png.rf.74dd4d74c09cce9eed966b6bd90c06b5.jpg,150.96161651234567,39.89923096801552,1920,1080,train
08fd33_0_4_png.rf.c36b4668d33c813b318902b3f60b149b.jpg,101.60492621527777,42.585033718172966,1920,1080,train
08fd33_0_5_png.rf.09e0e6efec36f14868cd268f4226f6d0.jpg,83.62629918981482,35.38182037787634,1920,1080,train
08fd33_0_5_png.rf.1c61de3197cb359c4067c1911d105322.jpg,93.37875771604938,36.068041120071086,1920,1080,train
08fd33_0_5_png.rf.4f426433e81bd281d1c401ac149779b9.jpg,105.92936342592593,36.99140450683082,1920,1080,train
08fd33_0_6_png.rf.096e8671d3e6fe1a5f85585165264a5e.jpg,65.4781963734568,32.73438654987005,1920,1080,train
08fd33_0_6_png.rf.a4ef634e317c2c5ae4bf76bb7b8f8714.jpg,142.7515340470679,34.66002033129019,1920,1080,train
08fd33_0_6_png.rf.b22d9748b002d04e7b3cb93c60640f54.jpg,149.49101273148148,34.0392337894953,1920,1080,train
08fd33_0_7_png.rf.954225521963026cb45f931dc3af6a33.jpg,163.94355951003087,33.256796386987844,1920,1080,train
08fd33_0_7_png.rf.977db5b7640020c1b822bed42e87b09f.jpg,71.67272617669754,33.94819328220894,1920,1080,train
08fd33_0_7_png.rf.dd8ba705aa7d5f9e87e7ad38894019f8.jpg,160.99271026234567,33.46804365204543,1920,1080,train
08fd33_3_10_png.rf.107361de7187ca63f9011ae590e8ed1a.jpg,95.11228202160494,46.328343044120125,1920,1080,train
08fd33_3_10_png.rf.b5838f78761565f6c6ee0bb3ae3b07d6.jpg,131.85944155092594,46.082484339726726,1920,1080,train
08fd33_3_10_png.rf.eed0e0811afaf0bcda822aa2a59890d2.jpg,85.58187741126544,45.53406674101632,1920,1080,train
08fd33_3_2_png.rf.4f1ce0a480cd5fbe07a4e89a61de67f9.jpg,70.09940055941358,36.62777761224351,1920,1080,train
08fd33_3_2_png.rf.c26369d58e5c0ad196367b160d300604.jpg,81.55561873070988,37.60551439974936,1920,1080,train
08fd33_3_2_png.rf.d467ed535609b20d2309ee88756c768c.jpg,97.15244695216049,38.73545938473197,1920,1080,train
08fd33_3_5_png.rf.1e0794cb7dba80a7b461ce87a768fa5b.jpg,139.79577546296295,37.88781303835327,1920,1080,train
08fd33_3_5_png.rf.2016739eb436d1d2783d9de699549b36.jpg,62.90126880787037,36.885700423967414,1920,1080,train
08fd33_3_5_png.rf.a9f346950e9c46a470bd5099048f4da8.jpg,101.89748312114197,39.64724474960102,1920,1080,train
08fd33_6_1_png.rf.1f05f5238d8cae9c185fbe8ced94042a.jpg,159.43625530478394,35.43052842948923,1920,1080,train
08fd33_6_1_png.rf.7bd6c1b511a1f2f1b45dcf484e13679c.jpg,82.36628761574075,35.991794225801385,1920,1080,train
08fd33_6_1_png.rf.ae3380eb71d8522492c9095ada015da9.jpg,87.15368827160493,36.456852611413055,1920,1080,train
08fd33_6_2_png.rf.7218277c9f313c22dd2d014e2f5d0cc3.jpg,133.86638599537036,37.40125121072842,1920,1080,train
08fd33_6_2_png.rf.97d1bebd75b1039febdd927f51bfbbd1.jpg,114.37856095679012,38.75928695529048,1920,1080,train
08fd33_6_2_png.rf.c0def09a8caadae9ee5fc8e2d39f70f7.jpg,68.1246802662037,34.75729270928039,1920,1080,train
08fd33_6_3_png.rf.51732ba2d9405cf51362f372aafa19a6.jpg,86.95526427469136,36.55698288631564,1920,1080,train
08fd33_6_3_png.rf.5339313b376809f0e960099b7193efb0.jpg,114.12599247685185,38.37017632058302,1920,1080,train
08fd33_6_3_png.rf.c2faf9e54ed41259c88aad0edc03c402.jpg,123.99530092592593,38.01246058375683,1920,1080,train
08fd33_6_4_png.rf.6a7cb77342102651cc85b0578c0465a2.jpg,72.76247974537037,35.37884487874438,1920,1080,train
08fd33_6_4_png.rf.d4501548e52096f059689007623c1316.jpg,112.26387152777778,38.42876714381261,1920,1080,train
08fd33_6_4_png.rf.dd3fd1fc200c92b165bcf9f1d76315dd.jpg,94.8002416087963,37.391886122532284,1920,1080,train
08fd33_6_5_png.rf.46e342159aa61aadd5a8089a495a12b8.jpg,85.1495351080247,36.7477512326372,1920,1080,train
08fd33_6_5_png.rf.8c59a8993bafd60c0321d91d9a879746.jpg,147.64209828317902,36.53066058564077,1920,1080,train
08fd33_6_5_png.rf.c92dc95ec1599187db3f85c9c00dd5f1.jpg,117.29262393904321,38.423018081246695,1920,1080,train
08fd33_6_6_png.rf.0aa29711743c98b379623700a2708f28.jpg,73.79595052083333,38.32919604658828,1920,1080,train
08fd33_6_6_png.rf.3aa363fa37e32f6beb5d261002bfaee3.jpg,86.29508198302469,39.48689009181774,1920,1080,train
08fd33_6_6_png.rf.ca1d8cba1caabb2151711cc48552a923.jpg,88.17367428626544,39.591866462706435,1920,1080,train
08fd33_6_7_png.rf.6d0c7f4fdd1ffc9d1d5b2bbfa69a65e1.jpg,132.23322000385804,46.5131474854653,1920,1080,train
08fd33_6_7_png.rf.af22b5959a4ae1a1df7eea14a844b176.jpg,85.8536930941358,47.62250779826791,1920,1080,train
08fd33_6_7_png.rf.c7e3e003393db23c4b817f523a49932d.jpg,82.98942226080247,47.316382297803216,1920,1080,train
08fd33_9_9_png.rf.8783dc9a9b7eb0332300d86c67d9cfd2.jpg,117.40751253858025,45.04675538806673,1920,1080,train
08fd33_9_9_png.rf.c2dea7d5f279170e27c1419d89c7379d.jpg,72.57582995756172,42.47973708146552,1920,1080,train
08fd33_9_9_png.rf.ee42a6de1ebd2736235126bfb0618349.jpg,63.41569637345679,41.15984676224081,1920,1080,train
121364_7_8_png.rf.4d3c76536eb5c65a7722e74b0f9857bb.jpg,72.85247540509259,35.88212274025218,1920,1080,train
121364_7_8_png.rf.6a7d4bc30bd5acc5195c3779a94f3228.jpg,152.66012056327162,38.53204182755682,1920,1080,train
121364_7_8_png.rf.f27b47f2275660555e49e00d706a56d6.jpg,135.43096981095678,39.307488744112035,1920,1080,train
121364_9_1_png.rf.9154c95d522b2fcfb1a2f06380ad9196.jpg,112.66355565200617,41.08028279575934,1920,1080,train
121364_9_1_png.rf.ba97a707d32a0925b0140f59864e3c2c.jpg,68.7955965470679,36.84194535177633,1920,1080,train
121364_9_1_png.rf.fcd178dd58266902ecb31a54de98abb4.jpg,68.81399450231481,36.80073467178436,1920,1080,train
121364_9_4_png.rf.22bb159c107273d66a3978fd02af4695.jpg,74.26008391203703,36.783832531674385,1920,1080,train
121364_9_4_png.rf.6f94ef4e5c5934a6d1b12c7461d3bbf3.jpg,115.79509886188272,39.86598554684923,1920,1080,train
121364_9_4_png.rf.78058fd48059a52b823522f58901ea07.jpg,103.07905671296297,39.617001398448295,1920,1080,train
121364_9_5_png.rf.ab61d89349d7f6e309e2545c3a4fc950.jpg,97.26667920524692,34.55584241834674,1920,1080,train
121364_9_5_png.rf.ac64b2f34de8deb447a4720f4014f4a6.jpg,77.14186246141975,32.665400941021964,1920,1080,train
121364_9_5_png.rf.cb144d501dfbaf6c50b351d02876c2dd.jpg,142.81626977237653,34.78313249807458,1920,1080,train
121364_9_6_png.rf.b97c7c1a9cd0c6bfc83679a2534a8bbb.jpg,71.77014805169753,43.679362799110706,1920,1080,train
121364_9_6_png.rf.d1d5ec30cc666dbc787c7acf84f7b3f8.jpg,143.74983024691358,44.35532903825149,1920,1080,train
121364_9_6_png.rf.da3023b04a18c9819f7a90b729329f4e.jpg,131.019363908179,45.05819514570337,1920,1080,train
121364_9_7_png.rf.a086d0940db4d054b97cc475e4f49518.jpg,104.6307740162037,47.49087727950555,1920,1080,train
121364_9_7_png.rf.c9e021e785f6621a3a678ea67c6c3a66.jpg,84.22393422067901,46.789666247437594,1920,1080,train
121364_9_7_png.rf.c9f26b68957b71159541823c60d05c30.jpg,111.61206500771605,47.317622275180284,1920,1080,train
2e57b9_1_10_png.rf.0bd240455018588f104677a9ab6cea09.jpg,137.64291280864197,32.106122637968134,1920,1080,train
2e57b9_1_10_png.rf.851f9fbbabe9c8d34ac1dce41676c324.jpg,92.29703173225309,32.451542472726,1920,1080,train
2e57b9_1_10_png.rf.9e25b83d67ccf309c89a7c5330be00e2.jpg,109.92100260416667,33.02015851421974,1920,1080,train
2e57b9_1_8_png.rf.abd7f2df70d4bf0ab5e307b0f1c3d75b.jpg,147.78067611882716,34.51858422742756,1920,1080,train
2e57b9_1_8_png.rf.eddb5d52cda524e90e21bc091077ef2d.jpg,122.02948591820987,35.66337981060982,1920,1080,train
2e57b9_1_8_png.rf.fa52e3cd901c923c37c9ff4cac3711b7.jpg,105.32912712191359,36.38980667033403,1920,1080,train
2e57b9_1_9_png.rf.40b6977b44d4c062ca088fa749b63f0e.jpg,71.39568383487655,33.235174739635625,1920,1080,train
2e57b9_1_9_png.rf.4ddf27c8067f98fd10da07374f376097.jpg,151.54728780864198,33.24938630115266,1920,1080,train
2e57b9_1_9_png.rf.6bffbbe81c9ef9d01613cfc50f9e600e.jpg,71.39492091049382,33.29703099966519,1920,1080,train
2e57b9_3_9_png.rf.276d0ea0aed017e1fc83c2e0ecb01a72.jpg,110.86869212962964,38.431702736393135,1920,1080,train
2e57b9_3_9_png.rf.5c12f6759d5e1f1d57be5342be6f45b0.jpg,88.26223090277777,37.373181566790734,1920,1080,train
2e57b9_3_9_png.rf.80633685f79e3232dc44c395e16dfdd3.jpg,143.69158950617285,36.947076160188125,1920,1080,train
2e57b9_7_10_png.rf.2004b219260c07e285ce58a9f05481b6.jpg,122.16069203317902,40.1498776327288,1920,1080,train
2e57b9_7_10_png.rf.29899146d61f10d33446d85822a709c3.jpg,70.40368730709876,38.9095308746488,1920,1080,train
2e57b9_7_10_png.rf.942a2d402710bbae239a4a30939b0446.jpg,134.907215470679,39.55147703523174,1920,1080,train
2e57b9_7_8_png.rf.183519591a453709e350678bb2f71215.jpg,118.1594921875,41.28065788835079,1920,1080,train
2e57b9_7_8_png.rf.3277b949939a6b7f2c246f223259c9e8.jpg,100.3562427662037,41.13724167616822,1920,1080,train
2e57b9_7_8_png.rf.c758bd836a4c09d9b6bc4f52443f7941.jpg,113.10533468364197,41.43769925856912,1920,1080,train
2e57b9_9_2_png.rf.b9eeb22273b3d0c3c369d3606c731b40.jpg,81.91885079089506,40.5237500017936,1920,1080,train
2e57b9_9_2_png.rf.bf56f83b933aea1ed6c339f5b4331b6f.jpg,86.84885995370371,40.936028706155156,1920,1080,train
2e57b9_9_2_png.rf.e18c820162de2f38a80ad2e84368149a.jpg,133.81042920524692,40.54644280739717,1920,1080,train
2e57b9_9_3_png.rf.cc1d655a1359088b623260c53cc86796.jpg,90.50705391589506,39.08370557020857,1920,1080,train
2e57b9_9_3_png.rf.ccb2dabfbafed14119caf35e8c2cee23.jpg,75.90760706018519,38.420143431529546,1920,1080,train
2e57b9_9_3_png.rf.e21e0b84e22c9c2c2f4a5795297980b7.jpg,82.68747636959877,38.811593710057124,1920,1080,train
2e57b9_9_7_png.rf.7a62e6ed4d1b582cef83b7fd19265a60.jpg,69.45285059799383,43.75976297731164,1920,1080,train
2e57b9_9_7_png.rf.ce91670680894e97bd6534b0d0ba89a3.jpg,104.29771942515433,45.86465399540721,1920,1080,train
2e57b9_9_7_png.rf.e6f4fa3835f2ba4fd8b7e67509811a1c.jpg,121.7719854359568,44.97967049366774,1920,1080,train
40cd38_3_3_png.rf.5b8b26578335067cc44d10d066cea7a5.jpg,83.01414882330246,43.30648795571496,1920,1080,train
40cd38_3_3_png.rf.ddd904dff7a367414262829cd7e42b8e.jpg,143.339296875,44.16215884935375,1920,1080,train
40cd38_3_3_png.rf.f0ed10e6b707cf2bc141cba84660726f.jpg,87.6398331404321,43.50778295870083,1920,1080,train
40cd38_3_4_png.rf.27b9948ea6c7083c0deec18c98b89d11.jpg,152.92875482253086,44.52635385507973,1920,1080,train
40cd38_3_4_png.rf.372edf4403bd0d51b31beb9eab67bbdc.jpg,118.89076147762346,45.50361773270231,1920,1080,train
40cd38_3_4_png.rf.f24a76b465142ce214d8cd91486cbaf4.jpg,141.7986226851852,44.88181501985476,1920,1080,train
40cd38_3_5_png.rf.40b1ce81628d0e73dbea1ff189fbf0be.jpg,98.67611352237654,42.8374755666559,1920,1080,train
40cd38_3_5_png.rf.cab44a5f64daae213e5266b9841113e8.jpg,65.92312307098766,39.03224364582817,1920,1080,train
40cd38_3_5_png.rf.f9aa8eadb3a3fdcc8ed1db50b15d612f.jpg,84.14549479166666,41.94887281461604,1920,1080,train
40cd38_3_6_png.rf.1e8937198c6390dbf848db14e4468cd4.jpg,60.038520447530864,32.32881637815985,1920,1080,train
40cd38_3_6_png.rf.3f068f0cdc9ded057b149cfe78a0a725.jpg,57.5532634066358,31.717594792991694,1920,1080,train
40cd38_3_6_png.rf.50943ba2b6f4d01d1f41790e60b20673.jpg,115.58518614969135,37.76838035785216,1920,1080,train
40cd38_3_7_png.rf.9366a5f532895166aa4dd686763d1941.jpg,76.21745515046297,34.380487828014594,1920,1080,train
40cd38_3_7_png.rf.e9f41595a358243043a9549a81556e8b.jpg,112.61619743441358,37.027380088829595,1920,1080,train
40cd38_3_7_png.rf.f6212d722b6b1a94f9789de41643eca5.jpg,105.54230516975309,36.983065005925184,1920,1080,train
40cd38_7_1_png.rf.4db1870791823e1eee1294c202b26df2.jpg,75.37552951388889,46.67632552323688,1920,1080,train
40cd38_7_1_png.rf.c1070b9d6bdb7bfd169e6129c487d77e.jpg,133.31586950231483,46.63638278592031,1920,1080,train
40cd38_7_1_png.rf.d93a43c608297c045920c1fac741db8a.jpg,83.17433256172839,47.309374771797096,1920,1080,train
40cd38_7_2_png.rf.23fee84a83cea0a768eaf1a01922398c.jpg,54.02595196759259,44.67396064977173,1920,1080,train
40cd38_7_2_png.rf.325fd8b5c90c4ea66bbb6d71a4e097d3.jpg,110.41596498842593,49.320425733372886,1920,1080,train
40cd38_7_2_png.rf.d0deda6197ef99c3b5c62c11dcf45c53.jpg,105.68751350308642,49.74913790576392,1920,1080,train
40cd38_7_3_png.rf.96edf81e1b5ab457ec78f8c458aa2e95.jpg,108.0789347029321,44.73542121612844,1920,1080,train
40cd38_7_3_png.rf.bcd61c4f066b1882efa5a9d9e7487733.jpg,75.64177276234568,46.06044792300782,1920,1080,train
40cd38_7_3_png.rf.e54573ffc3e9c86c631df0ece0214d1e.jpg,100.17893807870371,45.09750411478585,1920,1080,train
42ba34_1_1_png.rf.31abab06dd2e432a9e214e5e65b1be30.jpg,88.0509765625,52.461368707423915,1920,1080,train
42ba34_1_1_png.rf.b172c0ffce58453df63b1ade710843af.jpg,83.26627604166667,52.21219821830171,1920,1080,train
42ba34_1_1_png.rf.ea88cdbefcba99fc4c8fa47fc04f65aa.jpg,107.43264033564814,53.44356979192758,1920,1080,train
42ba34_1_2_png.rf.505d3b6da032ea47d0f34e9c6a574d33.jpg,143.63932773919754,49.930359733538836,1920,1080,train
42ba34_1_2_png.rf.bccc72bbae78527fe46abfb20cb69ba4.jpg,154.67874035493827,48.00414178450968,1920,1080,train
42ba34_1_2_png.rf.ff3a7a912c61a8435350dcef42183e23.jpg,138.84385754243826,50.30315524397813,1920,1080,train
42ba34_1_6_png.rf.40138f37fca2be70add989e6394d1085.jpg,143.16879484953705,51.801680823076005,1920,1080,train
42ba34_1_6_png.rf.62f6b27513b5d6b4a52135e201326b3c.jpg,108.6887856867284,54.74834250770546,1920,1080,train
42ba34_1_6_png.rf.7e4d30e01a6985c0ed5ca2f00415520d.jpg,105.78104841820988,54.590389404863046,1920,1080,train
42ba34_1_7_png.rf.9d1408fcc1e18471c9c7c730921d8f15.jpg,144.1259587191358,51.33434094004027,1920,1080,train
42ba34_1_7_png.rf.a9bce9b5d54082a21b1b7a34b3c07cfd.jpg,88.35961033950618,53.4928165467941,1920,1080,train
42ba34_1_7_png.rf.dd6bed5d2024bfe9e4fe6eaf5310fcc1.jpg,122.3676244212963,53.762648874597524,1920,1080,train
42ba34_3_1_png.rf.226e98cb68fe9f646c339193875878cc.jpg,96.40124373070988,45.079003344473634,1920,1080,train
42ba34_3_1_png.rf.272711cf9b141e928ee12b2da1a7da16.jpg,101.27559944058642,45.37873247264757,1920,1080,train
42ba34_3_1_png.rf.ca2f8fa7a5ba12640b6bb5fc05094e5f.jpg,94.46832079475308,44.96720100452152,1920,1080,train
42ba34_3_3_png.rf.3107468edf939b318e2c839dd43fdf29.jpg,93.6202309992284,44.94963974686077,1920,1080,train
42ba34_3_3_png.rf.7f2155842c5a5b79327f095161af0083.jpg,146.42779224537037,44.72831930020782,1920,1080,train
42ba34_3_3_png.rf.e588f470734f01696d2d08b2aaced88f.jpg,106.2669212962963,45.77722094554115,1920,1080,train
42ba34_3_4_png.rf.c40e8b12f0c7e83cc9fae4808ea1258b.jpg,64.7681785300926,42.4390936766678,1920,1080,train
42ba34_3_4_png.rf.d0ff63c9b40d85974af560909e14eb43.jpg,108.44654851466049,46.132894440505005,1920,1080,train
42ba34_3_4_png.rf.d3e4cb4e6eba409e60743d7c86ac8af7.jpg,60.133792438271605,41.61956056950367,1920,1080,train
42ba34_3_5_png.rf.2c36d39839c88e0848d993a7025075fe.jpg,93.24107735339506,45.32967487361841,1920,1080,train
42ba34_3_5_png.rf.9c3d95837c08f7ee6b94ec5dc244a94f.jpg,80.78089361496913,44.31530396294261,1920,1080,train
42ba34_3_5_png.rf.e15e2f6de05704789d2c77afe1b94af5.jpg,88.38889274691358,45.029147816235636,1920,1080,train
42ba34_3_6_png.rf.244498b45ffbe3b3634bb4c650c2a998.jpg,97.37016203703703,45.74051440798494,1920,1080,train
42ba34_3_6_png.rf.52c3904105b3c2d9fe3328b5d901672c.jpg,129.69874373070988,45.4157203792399,1920,1080,train
42ba34_3_6_png.rf.d1e76d61807eff09ad21fe38c165a9da.jpg,92.51233699845679,45.41985876054428,1920,1080,train
42ba34_3_7_png.rf.84bd52c477fef526086eebfbf2250a64.jpg,144.5350602816358,44.95106741930247,1920,1080,train
42ba34_3_7_png.rf.9bf2f61889e7c43be3c66df787759cba.jpg,137.8275535300926,45.567430440827756,1920,1080,train
42ba34_3_7_png.rf.e974536bd426ab4415048448fca75dd4.jpg,149.40695216049383,44.753025381050726,1920,1080,train
42ba34_5_1_png.rf.790e41b3e5e7d38ed117b958a236972f.jpg,113.25673273533951,51.58940246797253,1920,1080,train
42ba34_5_1_png.rf.a2e24718201db0aeb1d9eb5df3c71aa2.jpg,105.48928915895061,51.2757333021323,1920,1080,train
42ba34_5_1_png.rf.d26dc2978c0771ce3bcbf27ea0a74815.jpg,113.27058449074075,51.576212483483076,1920,1080,train
42ba34_5_2_png.rf.6910e168e6187b55156a1b0f5044aa6a.jpg,143.04055459104939,48.919872026120395,1920,1080,train
42ba34_5_2_png.rf.a58214a05c203bd30cf44c8ace034454.jpg,118.13546585648149,51.23337830507677,1920,1080,train
42ba34_5_2_png.rf.cb9ec8ba449252d964440ab1eb7319da.jpg,156.9878689236111,46.787505802202716,1920,1080,train
42ba34_5_3_png.rf.0263f5ec71a5860118a929b9d1e36f1d.jpg,158.3519492669753,45.838696754373395,1920,1080,train
42ba34_5_3_png.rf.078a4b663f375285c1451ae4b4737bbc.jpg,89.02449604552469,48.45505393151736,1920,1080,train
42ba34_5_3_png.rf.19fa7a423a98505cefb124ad6ac33851.jpg,77.55031684027777,47.63712325694181,1920,1080,train
42ba34_5_4_png.rf.1e7857e392b2706a5338082338269da7.jpg,105.934765625,48.8878875851636,1920,1080,train
42ba34_5_4_png.rf.3c5b9e68827e8f854b7fee2e93a30534.jpg,143.83150270061728,47.123951688928564,1920,1080,train
42ba34_5_4_png.rf.5a30f0210fe9398fda06f2ce5b6f1d03.jpg,116.77111930941358,49.36867451776531,1920,1080,train
42ba34_5_6_png.rf.4df77c27618bc02cadce6bb4dec6af70.jpg,62.501599151234565,46.88740686989246,1920,1080,train
42ba34_5_6_png.rf.61ed51746b464dfe6429bce5dbd287c1.jpg,67.22034529320987,47.5711538849013,1920,1080,train
42ba34_5_6_png.rf.94f103132d276316d8b85293e33487bc.jpg,98.79470775462963,49.86908798736159,1920,1080,train
42ba34_5_7_png.rf.7459db97ab7869f90648f659e07b7f5d.jpg,102.34095727237654,49.8778718596145,1920,1080,train
42ba34_5_7_png.rf.8683ee4993b2de9ea510fc069ec692be.jpg,77.27007330246913,48.255708032025545,1920,1080,train
42ba34_5_7_png.rf.fdc325fa976e483451801a2b198d3804.jpg,121.92176793981481,49.68246124695261,1920,1080,train
42ba34_7_2_png.rf.26f14e00a7ec55bbc1c556723fad4305.jpg,65.29542679398148,36.14354348489407,1920,1080,train
42ba34_7_2_png.rf.a26cdf094acd5f2e6a94168c001382c6.jpg,64.8680999228395,36.397772533840595,1920,1080,train
42ba34_7_2_png.rf.db2d1d38d48e6a6aca836ce9055698fa.jpg,65.20097318672839,36.21116013954362,1920,1080,train
42ba34_7_3_png.rf.2ba402d35d48fd11a412e59511292775.jpg,105.55798562885802,41.19238688403334,1920,1080,train
42ba34_7_3_png.rf.ef53c0f2887c22b5e7910e3755d32bd4.jpg,143.05054542824075,39.836278386131525,1920,1080,train
42ba34_7_3_png.rf.eff93d92158c6c0596d0cf7737d348d4.jpg,100.68681278935185,41.00474711510875,1920,1080,train
42ba34_7_4_png.rf.0744e279c894c042d41a2fe7a9153e2a.jpg,69.51540750385803,38.71200823106009,1920,1080,train
42ba34_7_4_png.rf.c0204fe692e39cadce2a6ef3da1eb8fc.jpg,124.02406828703704,40.79135770510578,1920,1080,train
42ba34_7_4_png.rf.ceccc9c74080a098a6fc91e8b8573d47.jpg,111.1613777970679,41.22733167986929,1920,1080,train
42ba34_7_5_png.rf.170600ddca1df5764a85f958c895e7fd.jpg,107.10915219907407,40.52775869548211,1920,1080,train
42ba34_7_5_png.rf.ebf891c716d1ed89fbd94c0396e6478d.jpg,84.75770109953703,39.02950330137369,1920,1080,train
42ba34_7_5_png.rf.eda3b2b415be1f686b217995b3c93dae.jpg,124.91843991126544,40.33761156402734,1920,1080,train
42ba34_7_6_png.rf.848086e2441f5169d2f0e3fda4c9303a.jpg,73.83011863425926,39.41387889588403,1920,1080,train
42ba34_7_6_png.rf.b2cfc216cc7f701c27551f865b89dbca.jpg,118.5565948109568,41.91630882557915,1920,1080,train
42ba34_7_6_png.rf.bf9916c4fbb3cb0fcc1e462cd924ed14.jpg,128.39366560570988,41.39450182040551,1920,1080,train
42ba34_7_7_png.rf.5a58214064b57034be7e779c0f448784.jpg,151.63561197916667,39.43605939114099,1920,1080,train
42ba34_7_7_png.rf.7733f127caf23ff1bf92a82038f04655.jpg,156.53086564429012,39.06566845487085,1920,1080,train
42ba34_7_7_png.rf.a956e632e11dcf7a686c940516f32a24.jpg,153.55508053626542,39.26548602321323,1920,1080,train
42ba34_9_8_png.rf.29997d1ee749e7577f449a60de4e9051.jpg,122.12569733796296,44.17345228431577,1920,1080,train
42ba34_9_8_png.rf.5cfac4298f3cf37fff9f70c5732b9533.jpg,62.926607349537036,40.638165005946,1920,1080,train
42ba34_9_8_png.rf.5d2788fcbf96e8b5a9a19873d2efd51e.jpg,144.70337914737655,43.06355991637094,1920,1080,train
42ba34_9_9_png.rf.9aeac5259d259b962772447ff4848c46.jpg,89.98670910493827,42.52793280112115,1920,1080,train
42ba34_9_9_png.rf.d0f98ce1595e2261ddde9370a816a098.jpg,72.99103105709877,40.95547628120952,1920,1080,train
42ba34_9_9_png.rf.f2212c7fa9652e91ec8ebbb3cd069bf4.jpg,69.93146412037036,40.91736246034547,1920,1080,train
4b770a_1_1_png.rf.5761a279fff08f491191b241f1c9fafe.jpg,83.84049286265432,38.18232451881189,1920,1080,train
4b770a_1_1_png.rf.777c739c65b88c5543566c59cd3703f7.jpg,136.5792264660494,38.52312673675422,1920,1080,train
4b770a_1_1_png.rf.e1cf98dd1ac297e468764d3e0c02b343.jpg,103.2717293595679,39.666989267859044,1920,1080,train
4b770a_1_2_png.rf.39a19d2b766399ab99cb50fe282e2c85.jpg,119.6335725308642,47.84128761784126,1920,1080,train
4b770a_1_2_png.rf.c20e413a88b8843bd3606976ac8a341e.jpg,110.03815779320988,48.86917505587514,1920,1080,train
4b770a_1_2_png.rf.f5de50b9408bfd4eb5f0221ad57b106a.jpg,134.08431182484568,46.30226513237636,1920,1080,train
4b770a_1_3_png.rf.2b6fa2bc10c77fdcc8e509e92bc59fee.jpg,125.01602816358024,48.124277147489096,1920,1080,train
4b770a_1_3_png.rf.3358762b78939eee0a740cc2fd203273.jpg,80.87148196373457,48.51409364114635,1920,1080,train
4b770a_1_3_png.rf.adaa9e781ed51432c4e0ebf7123f9e30.jpg,102.94652006172839,49.916588581645144,1920,1080,train
4b770a_1_5_png.rf.3952f7ea1dc6d8a7fba329f37967d742.jpg,73.19590808256173,50.7314752225881,1920,1080,train
4b770a_1_5_png.rf.a16cca1d073e2479637dd1849d0be3c2.jpg,136.24081838348766,48.08453510483061,1920,1080,train
4b770a_1_5_png.rf.b841500cc94845888cc5fb18bac3e9de.jpg,119.76283227237654,51.44085310035174,1920,1080,train
4b770a_3_2_png.rf.37b266bbb45296e97036f240878824e2.jpg,75.79744888117284,44.18278737346723,1920,1080,train
4b770a_3_2_png.rf.4619f2604698dc6030f89990a91e63cb.jpg,120.18812934027778,46.36262278677142,1920,1080,train
4b770a_3_2_png.rf.494474c95db58f028f83ea8e27ae72b3.jpg,112.4803944830247,46.763008094024386,1920,1080,train
4b770a_3_3_png.rf.3f0d8402198317ec204ccaafba1fe835.jpg,121.63174768518519,46.16926521126101,1920,1080,train
4b770a_3_3_png.rf.80648b3b1c9256eaf39bbe4bbb9cff4b.jpg,160.3341329089506,40.47100461056475,1920,1080,train
4b770a_3_3_png.rf.a1a40603667e05da4675c1fe9cbed051.jpg,99.51229890046297,46.200920949859146,1920,1080,train
4b770a_5_4_png.rf.1b01707442fb7f7aaa7ac4da4c2b7bf2.jpg,55.16318672839506,49.213882491147544,1920,1080,train
4b770a_5_4_png.rf.49e26415bc228d79f6df707b2ed24aff.jpg,81.63457417052469,50.854247863752725,1920,1080,train
4b770a_5_4_png.rf.97ec9ca884bfacab6a4a499568322ab3.jpg,79.61331452546297,50.90407975729593,1920,1080,train
4b770a_5_6_png.rf.28f3f3bef06dc2faab7d8c7bd003fc13.jpg,74.89869598765432,47.188771596358784,1920,1080,train
4b770a_5_6_png.rf.36468591d41aa46469111615b7eec8c6.jpg,113.7784230324074,43.74275848249897,1920,1080,train
4b770a_5_6_png.rf.3cbab7c22c3372639438127b124b253d.jpg,97.59234857253087,45.960194023786656,1920,1080,train
4b770a_5_7_png.rf.6f6161a1f98d4f839cc286064baf63b5.jpg,70.68620081018518,46.94915408631261,1920,1080,train
4b770a_5_7_png.rf.842a809d7e37c170f0dd7bf579296510.jpg,75.66545283564815,46.915745624186485,1920,1080,train
4b770a_5_7_png.rf.96e9ff18f539e3fa25933f00b66017e5.jpg,28.819805652006174,40.703138974498664,1920,1080,train
4b770a_7_2_png.rf.73b3fa14d0db77e0fde1fbf61dfc1a04.jpg,90.72139853395062,50.7306519846069,1920,1080,train
4b770a_7_2_png.rf.b3a4b32eb909641c1f7f998db8db10ba.jpg,102.04379388503087,49.03227646004337,1920,1080,train
4b770a_7_2_png.rf.de18b31588c5afd53a0c8cb9411e4326.jpg,136.23545572916666,44.09039466971506,1920,1080,train
4b770a_7_4_png.rf.755487afafd1be6ec23226fba16874f1.jpg,113.08095293209877,46.85855344666036,1920,1080,train
4b770a_7_4_png.rf.9833f1228e785e024d2db60f89d41f32.jpg,99.48444974922839,50.768104459891966,1920,1080,train
4b770a_7_4_png.rf.be71a2ffcf53b77e314ee1f7322f1b87.jpg,132.80996238425925,44.14947436502148,1920,1080,train
4b770a_7_5_png.rf.65c892781cc53cd8108c03a4212c3f15.jpg,42.73994550540124,45.83328692587003,1920,1080,train
4b770a_7_5_png.rf.6de4736efb24ae97222a0a6e428e0079.jpg,115.73854359567902,46.3647598374536,1920,1080,train
4b770a_7_5_png.rf.fa617023375075f6bd6d8d98b7e06647.jpg,122.5142611882716,45.5423882047615,1920,1080,train
4b770a_7_6_png.rf.aee3fc35b31918c288a475cc0abfd220.jpg,42.00337432484568,44.74537961197037,1920,1080,train
4b770a_7_6_png.rf.e4f6c179e28b5a3d82a97593762dbd7f.jpg,52.550584008487654,47.023893877327644,1920,1080,train
4b770a_7_6_png.rf.fadac5cfc0cfb2e85d4a57e7e6b4c0bd.jpg,66.40012490354938,48.443746619152016,1920,1080,train
4b770a_7_7_png.rf.c711ab0fdfdded9c666ca697306b772a.jpg,60.843392168209874,45.74381155682462,1920,1080,train
4b770a_7_7_png.rf.d7b19e34fb8687f19a8eb350fa0cad57.jpg,111.28367042824074,48.74748687068637,1920,1080,train
4b770a_7_7_png.rf.d91172ffc1983914c77ce82cfafd9b4a.jpg,120.65370707947531,47.05270016775467,1920,1080,train
4b770a_9_8_png.rf.214e48363eb7687cd53c20b0d8c1ac0f.jpg,117.4793214699074,49.219212178534036,1920,1080,train
4b770a_9_8_png.rf.76865106b37a39ceb787dc2dca0216f4.jpg,112.36333622685186,49.2887945660306,1920,1080,train
4b770a_9_8_png.rf.f8faaffe796512041ce329a22fd1afe2.jpg,62.0332600308642,49.36486749507023,1920,1080,train
4b770a_9_9_png.rf.5eb1a255f6cada58ecd452d104c54607.jpg,108.61052420910494,46.507573711016384,1920,1080,train
4b770a_9_9_png.rf.720764e76f0419c5cf2a541e627dbe3a.jpg,65.8874715470679,47.9684464578169,1920,1080,train
4b770a_9_9_png.rf.8685f86bd1f6e7599e670be664c4965d.jpg,115.1097014853395,45.10983668939102,1920,1080,train
538438_1_10_png.rf.394f8e55b797bda34d8c5600bc236474.jpg,91.73318142361111,38.57842171956699,1920,1080,train
538438_1_10_png.rf.48b5b97a80c76371d31570b135aaae63.jpg,119.83483651620371,39.16415101822196,1920,1080,train
538438_1_10_png.rf.fc5e3c341ece7b95cfa8b7c22a6af083.jpg,102.48447579089506,39.32424978890698,1920,1080,train
538438_1_1_png.rf.22b10937b9d8a69ce2428fb45faedd36.jpg,112.85623794367284,40.44336616205715,1920,1080,train
538438_1_1_png.rf.953d5d1157a9793a6b408f78fdcf2502.jpg,97.08498987268518,40.2006151487518,1920,1080,train
538438_1_1_png.rf.ca6f1fa0b0671230cfe68daa36255f04.jpg,99.98475405092593,40.39443853492429,1920,1080,train
538438_1_2_png.rf.656ec448c810a3e5db815646a6aaed5a.jpg,72.21632619598765,35.33226769508191,1920,1080,train
538438_1_2_png.rf.768dece1b033fc0ef5b1db4366136179.jpg,60.74345968364197,34.404646112722915,1920,1080,train
538438_1_2_png.rf.f9611aeb669695887553e535aeace1f1.jpg,67.46585117669753,34.98890666822565,1920,1080,train
538438_1_3_png.rf.2c147c7da133ded398bd2e073b801a3e.jpg,100.48319733796296,38.00422084157872,1920,1080,train
538438_1_3_png.rf.b2b9eaa2c3a903f9ea821afe7b4cea29.jpg,138.30242091049382,37.34687238901061,1920,1080,train
538438_1_3_png.rf.ffa0681ab46a5380780342069d25f63f.jpg,100.50955150462963,37.99961903606461,1920,1080,train
538438_3_10_png.rf.026d7afe09f4607dfbcc6c42c3ea85dd.jpg,130.10814670138888,39.84752900124063,1920,1080,train
538438_3_10_png.rf.726067735d00e334d13e31ee828ed299.jpg,51.921217206790125,36.604599402255175,1920,1080,train
538438_3_10_png.rf.a996f3d8cb1339ee785625e28c2a05af.jpg,72.14724826388888,38.729539775279484,1920,1080,train
538438_3_1_png.rf.33a8c9255b9880fcd694e8fd49fc7092.jpg,86.18713155864198,41.59867750548912,1920,1080,train
538438_3_1_png.rf.82226758bf5f48d6cc96073740cb70fe.jpg,113.71011477623456,42.416771323525886,1920,1080,train
538438_3_1_png.rf.98e5556930a9b1906dc63eff59ef3134.jpg,99.2607282021605,42.40180149741157,1920,1080,train
538438_3_2_png.rf.6b2b678e5fb40ad73905255285a25d5d.jpg,61.54603057484568,38.68458687866806,1920,1080,train
538438_3_2_png.rf.c14c18d1c7db9fa7cf59ae58bb9d3e24.jpg,104.20157407407407,41.07470782498755,1920,1080,train
538438_3_2_png.rf.d2e7c808129d2131bb7b25b408fb4796.jpg,136.96369598765432,40.51860422456909,1920,1080,train
538438_3_3_png.rf.203d857f81547a3fa87aa4c5d0000193.jpg,99.18171296296296,41.1317015497098,1920,1080,train
538438_3_3_png.rf.8017bbc99522f6cc7882258bd09d4915.jpg,106.20127025462963,41.068320560175906,1920,1080,train
538438_3_3_png.rf.940505bbdf7fcb754fa74a27529c9ea6.jpg,146.7189096257716,40.01576286959453,1920,1080,train
538438_3_7_png.rf.2da24bc59624f67429d84d794da548ab.jpg,72.49536554783951,36.9969676733775,1920,1080,train
538438_3_7_png.rf.68c57b857ba51740032f0963146b9f28.jpg,82.1437996720679,37.58027448635651,1920,1080,train
538438_3_7_png.rf.9f22a182cfcc62518de7a535f87e2c40.jpg,137.46687741126544,38.40270152092865,1920,1080,train
538438_5_1_png.rf.1ec66bbd50e500816f7461a09f8f32a4.jpg,54.732238136574075,32.69813084948087,1920,1080,train
538438_5_1_png.rf.235a43ab1baff74ad88e0de2f7942cce.jpg,145.8847622492284,35.30241499530545,1920,1080,train
538438_5_1_png.rf.511dcbb92496f38357db9017e358d58d.jpg,131.06216001157406,35.86033876119097,1920,1080,train
538438_5_4_png.rf.1bd5cd55fdc86e74f2a26c140e7d1977.jpg,76.94745804398148,38.47910195018865,1920,1080,train
538438_5_4_png.rf.d81e665ede6a8294e6500ee5676ca14b.jpg,93.39646363811728,39.54549715491618,1920,1080,train
538438_5_4_png.rf.df93e93c99efd811704450c409c13a33.jpg,99.22099922839506,39.93094519139368,1920,1080,train
538438_5_5_png.rf.0f0c34bba09d24e5ed32c6d8d8dcfc89.jpg,99.04916087962962,40.43193268712168,1920,1080,train
538438_5_5_png.rf.53006fe24bbe84f45723a922a9eed913.jpg,70.92608748070988,38.630490407938865,1920,1080,train
538438_5_5_png.rf.73461cc7308bd581193b63b2221f49d6.jpg,55.34030671296296,36.33910481500937,1920,1080,train
538438_5_6_png.rf.22955fd9c4b6b3050749c6f7524fa22c.jpg,118.04014805169753,40.72705558748475,1920,1080,train
538438_5_6_png.rf.89ef7e0b22bd73c72e40ad6fd4b99bb8.jpg,143.79179542824073,40.2100031569863,1920,1080,train
538438_5_6_png.rf.db797576f16be7c5376fd02b50877cb9.jpg,75.82431568287036,39.310348508928286,1920,1080,train
538438_5_7_png.rf.02cbd551191df9b0c53db4699e9f26e6.jpg,116.66779755015432,38.813170505737745,1920,1080,train
538438_5_7_png.rf.0966ed5a57867d5a3fff9e97a1f88c0f.jpg,62.183688271604936,35.9954374484674,1920,1080,train
538438_5_7_png.rf.238b33ff37be40d427f7ac2a97bdbcdb.jpg,71.57293692129629,36.969177308002294,1920,1080,train
538438_7_10_png.rf.125942056de89ac6fe98f66079eb396d.jpg,73.8549112654321,35.451498742781126,1920,1080,train
538438_7_10_png.rf.28f60edf7eced819259a52895a6ffa9e.jpg,139.88171344521604,36.75296533524477,1920,1080,train
538438_7_10_png.rf.ead60549cb7412d00fbc3f434db77b20.jpg,118.99406298225308,37.17361902404963,1920,1080,train
538438_7_2_png.rf.18979c1546ec90f82ccb2d3d46c142bd.jpg,129.69285686728395,40.336332909700616,1920,1080,train
538438_7_2_png.rf.2c1119622beb39b223ded8e169a1d364.jpg,89.54506124614197,40.19343897231019,1920,1080,train
538438_7_2_png.rf.629589a2cf7f307e8ac37eff3e9ef4f0.jpg,65.31201292438271,38.67430020458867,1920,1080,train
538438_7_3_png.rf.7adb149d791bcdb0963e8d7567345a56.jpg,115.67308497299383,40.309573813822446,1920,1080,train
538438_7_3_png.rf.97f33e06a3c91032400fe5ea9b70dd0f.jpg,108.61262683256173,40.4201871366221,1920,1080,train
538438_7_3_png.rf.9f25835533a61559749ced615dd61b9c.jpg,120.6441512345679,40.17186626784515,1920,1080,train
538438_7_4_png.rf.24158d36e473ddb3be6c8549ccb0f0f2.jpg,108.62162663966049,40.67286214969607,1920,1080,train
538438_7_4_png.rf.31343e3fbf978bac313c3a56356fce33.jpg,61.200515046296296,37.889241456857974,1920,1080,train
538438_7_4_png.rf.7fdc4d75c726f86cb1f3c7435a3fcab0.jpg,92.93511429398148,40.02195690543344,1920,1080,train
538438_7_5_png.rf.1d755d5c5a6ab76e9dd9cda3c3a8f93f.jpg,133.05628665123456,39.300081838430536,1920,1080,train
538438_7_5_png.rf.4d305d2970f829e9fbc20782fa2e80bb.jpg,103.31716049382716,40.004047749002694,1920,1080,train
538438_7_5_png.rf.aa1801b373dfd79c70a25c41b6484a74.jpg,150.76629533179013,38.494999727778115,1920,1080,train
538438_7_6_png.rf.5e75b49b7bbbdcddf3c56cefffa9c4a9.jpg,111.6951914544753,39.87328689413612,1920,1080,train
538438_7_6_png.rf.d1c6e94a3671c8a5a4a5d0e885a62d9d.jpg,81.30548080632715,38.796551499229494,1920,1080,train
538438_7_6_png.rf.fc4ca0497ac33e542946155e7293d6ae.jpg,81.36797116126543,38.772507264080176,1920,1080,train
538438_7_7_png.rf.b1a34e60f961ac15f1d64a352e3f2bb8.jpg,78.29233892746913,34.58977603347008,1920,1080,train
538438_7_7_png.rf.eb45059d051d5764eb807ba39cdc6160.jpg,54.50463011188272,32.87096289071846,1920,1080,train
538438_7_7_png.rf.f80ce9c7b9ebc271a4301c4e6f5c99ef.jpg,73.43913435570988,34.28304649882547,1920,1080,train
538438_9_10_png.rf.5f3f1645b0c0ded242070b2890f951af.jpg,110.24214650848765,33.6033045170072,1920,1080,train
538438_9_10_png.rf.af1c0e5cdd8d65d99ec12f51c4bd14b9.jpg,92.64416184413581,32.11286996519114,1920,1080,train
538438_9_10_png.rf.b2f1ebcfd687b43c21b87c288a9d11bb.jpg,77.31124035493828,30.770840160310804,1920,1080,train
538438_9_9_png.rf.60538ecbf8055819500c66b8cec99098.jpg,102.91119020061728,33.513662647900034,1920,1080,train
538438_9_9_png.rf.96b3fff01a1b586d36153e07bff50111.jpg,143.66789255401235,33.434236338002854,1920,1080,train
538438_9_9_png.rf.b41b8d3bc5ce5ec5dd7a85cc55912af9.jpg,59.58893856095679,29.68078021482539,1920,1080,train
54745b_1_8_png.rf.2b7318d9d138388b376074318372613c.jpg,76.24542727623457,29.818940261559447,1920,1080,train
54745b_1_8_png.rf.5f72f415dfc17291a5a253fae7bf6114.jpg,76.10420524691358,29.81944099429941,1920,1080,train
54745b_1_8_png.rf.fd0fe754848fa5ebdc228a972edc1c74.jpg,148.53821566358025,32.279240856276374,1920,1080,train
54745b_1_9_png.rf.30f3b76833198cdc53502531dc825adf.jpg,133.57562982253086,31.43151847469851,1920,1080,train
54745b_1_9_png.rf.395edbf209e95c4cf2fa40d3098f196e.jpg,110.84787567515433,31.126652291893496,1920,1080,train
54745b_1_9_png.rf.eaecd94a7eb7d4755581de8eb16e602c.jpg,85.63459249614198,28.900412385569343,1920,1080,train
54745b_3_8_png.rf.2ad5a713ac07fabaae1b4ae3c7ba1df5.jpg,153.79480709876543,31.171144574604178,1920,1080,train
54745b_3_8_png.rf.69c381414853642d08950eeaddd8b2a4.jpg,139.1235966435185,31.870740542506006,1920,1080,train
54745b_3_8_png.rf.d929e439920885ce94004743502dab0b.jpg,106.43488908179012,31.823611028631905,1920,1080,train
54745b_3_9_png.rf.0dbc8c1e57368d167ed6aa7084949848.jpg,143.015479841821,31.29284478129852,1920,1080,train
54745b_3_9_png.rf.3546aae26a8398e080c404b3d57c4318.jpg,117.33269724151235,32.189754367103674,1920,1080,train
54745b_3_9_png.rf.55fb3ef1295d8d2b8fd9ab52b4de5260.jpg,157.84111352237653,30.678499968460837,1920,1080,train
54745b_5_8_png.rf.4b252f46004216ff48012d44399dabd1.jpg,130.6729007523148,55.46757339828421,1920,1080,train
54745b_5_8_png.rf.71e61ad65ce46db081272deb5321b24a.jpg,138.37090181327162,55.937041753906186,1920,1080,train
54745b_5_8_png.rf.84e63b8591db00db3b6dfe861a2c0bd9.jpg,125.7616690779321,55.164746941705666,1920,1080,train
54745b_5_9_png.rf.21cc393705f70c04568c06a647ae492e.jpg,143.82769965277777,52.33105741259768,1920,1080,train
54745b_5_9_png.rf.e7f0971ff51c4677403806fb12e35103.jpg,113.8704402970679,51.808126752072766,1920,1080,train
54745b_5_9_png.rf.f55189886ecec603f89acbef1eb854ab.jpg,145.70658805941358,52.1475049376227,1920,1080,train
54745b_7_8_png.rf.08ab0e7866b3509fbdccb579a6460430.jpg,111.90059751157408,35.4389318633941,1920,1080,train
54745b_7_8_png.rf.19d123d068483a8a24703362962a66c6.jpg,127.76115306712963,35.633402941218066,1920,1080,train
54745b_7_8_png.rf.2dda2673a4ff033cef2a1b0b0c01400e.jpg,127.73698206018518,35.597440739846974,1920,1080,train
54745b_7_9_png.rf.37cd9e3a0b791bbbd83e3c7794ceeefa.jpg,131.57108603395062,35.16337806087922,1920,1080,train
54745b_7_9_png.rf.6d9a0f76e493e34579576a60f475582e.jpg,149.1824112654321,34.07344875361343,1920,1080,train
54745b_7_9_png.rf.874d16b446bb80845d668ad4a9a99b00.jpg,124.6240022183642,35.523647881769215,1920,1080,train
54745b_9_1_png.rf.0a764fdbe75d58327ca058c47f474ca7.jpg,60.02859953703704,32.65125092380095,1920,1080,train
54745b_9_1_png.rf.72a2feb47871e72e50fe691a06fa4011.jpg,101.06587866512346,36.89597754548558,1920,1080,train
54745b_9_1_png.rf.802cb55eeb5d27430374db40bed0664a.jpg,149.2589134837963,35.34638689222585,1920,1080,train
54745b_9_3_png.rf.2416b3736fdb359c791d781091be4b5b.jpg,100.08186824845679,34.24258614311871,1920,1080,train
54745b_9_3_png.rf.b6c815be822ef05e04f245b81a72f48e.jpg,117.6159447337963,35.194514438422935,1920,1080,train
54745b_9_3_png.rf.eef8f856ed7b7a8a558327aac609a4c0.jpg,127.54359712577161,34.832654683720484,1920,1080,train
54745b_9_7_png.rf.198092cd7ee53777b7b7022eb1b1e3d2.jpg,159.73310908564815,34.81760613260801,1920,1080,train
54745b_9_7_png.rf.652d400138c8d6a4f2fd95ab765a1c9c.jpg,107.61000771604938,36.159060339523286,1920,1080,train
54745b_9_7_png.rf.a0335f75be5e2738279deaa015a0dcfe.jpg,130.24014853395062,36.409880255038885,1920,1080,train
55c9d1_3_8_png.rf.3658fe6948b00a6594551f2f7df42833.jpg,114.28830391589506,45.99039864496287,1920,1080,train
55c9d1_3_8_png.rf.9c793854cdef2303daa33ac4ad8e1b96.jpg,139.55147135416667,43.790522153144856,1920,1080,train
55c9d1_3_8_png.rf.aeed47e6457e2ba9d42280cc6bdbdbea.jpg,82.24128616898147,45.95189909361205,1920,1080,train
55c9d1_3_9_png.rf.7e2152be7bf30f2fc9d4a317feb31215.jpg,95.33602478780864,46.913077432194825,1920,1080,train
55c9d1_3_9_png.rf.99f74cc0f1d516c56c9013fd1a183ebc.jpg,140.07491222993826,44.16589083265576,1920,1080,train
55c9d1_3_9_png.rf.ae6aef7193ea0f6eb518ad1179acbc8e.jpg,103.10698013117283,47.18968285651809,1920,1080,train
573e61_1_8_png.rf.5579299e1d127d155c6c87bb7fd6dcec.jpg,79.06053337191358,40.151324244717046,1920,1080,train
573e61_1_8_png.rf.6da26a44797bcdcca9d9057b6cdb981c.jpg,118.99753327546296,39.81096464846913,1920,1080,train
573e61_1_8_png.rf.b8a4eb7e86969f5dee60eabbd4f82619.jpg,123.92292004243828,39.40831095783908,1920,1080,train
573e61_3_10_png.rf.0708a979e308f3297bade854adab9daf.jpg,89.66924238040123,59.33238720989062,1920,1080,train
573e61_3_10_png.rf.583be1e51f70b3166c71701bef147d06.jpg,125.87973524305555,56.63303202194437,1920,1080,train
573e61_3_10_png.rf.7603b5563e252a8c5e2357e6e960e1d2.jpg,121.54750482253087,57.299649176595935,1920,1080,train
573e61_3_8_png.rf.0cc75735d2003b8d5f1af786e60bf2bd.jpg,135.38256606867284,54.8486558889903,1920,1080,train
573e61_3_8_png.rf.ba46efe750f5141c068f05bb17b768bc.jpg,80.71587191358024,59.636427825098835,1920,1080,train
573e61_3_8_png.rf.ffa4ca78036bcea4a35d249c837ce4ed.jpg,121.75817660108025,57.864607431011976,1920,1080,train
573e61_3_9_png.rf.5d9288cfa9bb26f7a786e0bf938da0f2.jpg,130.67877652391977,55.66744897491036,1920,1080,train
573e61_3_9_png.rf.90be1b0af209ec4283ebcfc07624003f.jpg,147.08303433641976,52.433986197310205,1920,1080,train
573e61_3_9_png.rf.9d256be479234a9cf25cd86a67fb30b2.jpg,85.3798828125,59.7269900382522,1920,1080,train
573e61_5_8_png.rf.14fe5a36a10a2e08e6e755e15d9aca1c.jpg,89.59383825231481,45.99248899041709,1920,1080,train
573e61_5_8_png.rf.cbc1fe33db0309a542fcf39bf6da2b93.jpg,62.964238040123455,43.818597005122726,1920,1080,train
573e61_5_8_png.rf.d107bc792a61977bb504ea563078e260.jpg,150.27877025462962,42.32275732201335,1920,1080,train
573e61_5_9_png.rf.18f3a071f36eabded0faa69edf092834.jpg,64.58199749228395,38.480115616033395,1920,1080,train
573e61_5_9_png.rf.4e33600d787b37dae4bf9f2a5f1b484e.jpg,99.22749276620371,40.66591970550103,1920,1080,train
573e61_5_9_png.rf.60dee5343dbbae569a48a93cdeebf81f.jpg,126.84152006172839,39.89528353799178,1920,1080,train
573e61_7_10_png.rf.9af7c78b27ac147293eb361ade44dda8.jpg,59.48839457947531,42.52021309632769,1920,1080,train
573e61_7_10_png.rf.d696eb2360d93c4ca897721ad0daeb4c.jpg,69.1231283757716,43.10483120015996,1920,1080,train
573e61_7_10_png.rf.fa3d0cfcbcd4ba223eaad76b15d7368e.jpg,81.7329759837963,43.826640892684715,1920,1080,train
573e61_7_8_png.rf.499183de3f30b932ebc318b002004f88.jpg,109.56147183641976,43.216308944100106,1920,1080,train
573e61_7_8_png.rf.ad213cc8b6b4f7394eeb6d43b993c26f.jpg,43.41761140046296,40.90195028785483,1920,1080,train
573e61_7_8_png.rf.cc9beb772ea1e07a65c552c556a30654.jpg,47.75619646990741,41.560651332004085,1920,1080,train
573e61_7_9_png.rf.0abe19639da8f836aa0c4ade100908ab.jpg,65.77832706404321,41.64368732425774,1920,1080,train
573e61_7_9_png.rf.7ef7dd4ddfaa4459d21d60e24dab3249.jpg,67.7027203896605,41.763916718932876,1920,1080,train
573e61_7_9_png.rf.ce1a3a58d3946fb242a6c584bd19e82b.jpg,112.80612702546296,41.85443359631885,1920,1080,train
573e61_9_10_png.rf.25f853d0d7fce8c7985e41489f0f91aa.jpg,111.86804976851852,47.12792746843156,1920,1080,train
573e61_9_10_png.rf.52f08e1f1394271556e8b9bb617ffa74.jpg,69.1069319058642,45.281275723143544,1920,1080,train
573e61_9_10_png.rf.73534cf9ea6b429c251d45450a4266da.jpg,84.61064911265431,46.19968912549506,1920,1080,train
573e61_9_1_png.rf.30144d4d39cba01d1d3b1af026111e84.jpg,91.59412181712963,41.04440099553162,1920,1080,train
573e61_9_1_png.rf.494c2ac78f89d9c0272f3dc6f50f869e.jpg,78.97148582175926,40.29739477410117,1920,1080,train
573e61_9_1_png.rf.4da7d5d72a983134b93bc75b89a90308.jpg,76.06513599537037,40.15260922476566,1920,1080,train
573e61_9_2_png.rf.5bc649e8b9d5cd3935fb86c098f52fb6.jpg,59.42454041280864,38.00998583596673,1920,1080,train
573e61_9_2_png.rf.91821bd2f26a354563192662af9efcec.jpg,84.30719569830246,39.79672469448528,1920,1080,train
573e61_9_2_png.rf.f744cbb2703031faee0bad6713e401c2.jpg,91.17242717978395,40.25730661843776,1920,1080,train
573e61_9_3_png.rf.170e75522d5496039039198c7512c4c9.jpg,143.388543595679,40.58342389763866,1920,1080,train
573e61_9_3_png.rf.8826b5a479b20dc8daa9c95f08020b2d.jpg,79.52719762731482,42.372515655939445,1920,1080,train
573e61_9_3_png.rf.a85671f48d35bbf60133d5cef960ea20.jpg,124.23198543595679,42.89164064672559,1920,1080,train
573e61_9_4_png.rf.3309bb603761561a4ac4b45ad4905f8d.jpg,98.8566902970679,44.22963257158914,1920,1080,train
573e61_9_4_png.rf.3d28a8497791959d4ef54c801466a5c8.jpg,133.58701533564815,42.363908419638705,1920,1080,train
573e61_9_4_png.rf.6ebcfcc5fd9c6dc3a64db33332133c4a.jpg,91.97278260030865,43.77512586431844,1920,1080,train
573e61_9_5_png.rf.02b3e6257e14aa8719224292d7dcae2d.jpg,98.34163676697531,44.218817603255104,1920,1080,train
573e61_9_5_png.rf.1dc845b4397ef54d6027a3563ddcd5a2.jpg,145.6301499807099,40.53045132006095,1920,1080,train
573e61_9_5_png.rf.b246579229bcdc444f3fc25a7f93eb5f.jpg,155.03762201003087,39.211111836709435,1920,1080,train
573e61_9_7_png.rf.5a91806d7404662c35837f97639d1c47.jpg,147.55034866898148,41.006114368820846,1920,1080,train
573e61_9_7_png.rf.a92ce028a411704b63b0c86b4a6bffe9.jpg,100.67676649305555,46.325292471282204,1920,1080,train
573e61_9_7_png.rf.dda720690aa9a18de5011d92138e33f1.jpg,118.11710841049383,45.576946048652005,1920,1080,train
744b27_1_1_png.rf.198a866ae194e50db7359d7a595e99ad.jpg,124.61085358796296,41.6061810546548,1920,1080,train
744b27_1_1_png.rf.68ec4b5f0474b08f89b84eb4261d695c.jpg,112.65312789351852,41.952329970180806,1920,1080,train
744b27_1_1_png.rf.9433d6508bf924072d9a0c30e1f7324f.jpg,64.28863859953704,38.57562512205693,1920,1080,train
744b27_1_2_png.rf.a3075b03e096c229a5ab46d5ccc2ade9.jpg,98.05338348765432,49.51634772929659,1920,1080,train
744b27_1_2_png.rf.d1d7708b032eac5435d2e4e2da3bb99c.jpg,91.37357397762345,49.15238090153487,1920,1080,train
744b27_1_2_png.rf.e7df48514478ee870d05e655d11aed4d.jpg,93.28555796682099,49.24084115103042,1920,1080,train
744b27_1_3_png.rf.7a174a9c5a55a5793cd7c0f5c36e1911.jpg,137.4664882330247,48.48764432147362,1920,1080,train
744b27_1_3_png.rf.da6e80998462bbb6eb9726fa09cf32e4.jpg,139.3295736882716,48.15808288497604,1920,1080,train
744b27_1_3_png.rf.e364ee3a522e44317667900611be6287.jpg,124.88889805169752,49.58522811516405,1920,1080,train
744b27_1_4_png.rf.00d1dfc4714ce9512f0e773aa66ba5aa.jpg,94.73199701003087,49.16331548249643,1920,1080,train
744b27_1_4_png.rf.812dc7cf565f6d6886d4b9a17011fa7e.jpg,84.94303819444444,48.59609982458828,1920,1080,train
744b27_1_4_png.rf.8b66a0651247983eb10598e3ff3d8326.jpg,102.60168161651235,49.182890119682796,1920,1080,train
744b27_1_5_png.rf.020f37c2939b4c573df839ccc5e86c2d.jpg,145.95740885416666,44.785017785362015,1920,1080,train
744b27_1_5_png.rf.04de62f7e506f883ffb83e04752392a8.jpg,129.62639371141975,46.350525332801006,1920,1080,train
744b27_1_5_png.rf.c36c189f1922007f17a5e84c3c78966e.jpg,96.20194830246913,47.66483205021722,1920,1080,train
744b27_3_10_png.rf.19b5699357d60a721635226757cbc5b6.jpg,132.7963739390432,48.25012290759291,1920,1080,train
744b27_3_10_png.rf.a2c57eddf229b975c3c51f1d99f01605.jpg,76.43808834876543,49.20089417820672,1920,1080,train
744b27_3_10_png.rf.aad4da3425d2583d8d171c502cb24794.jpg,70.89404320987654,48.582663303091856,1920,1080,train
744b27_3_1_png.rf.29540e286d40f0fcd4b16beb145543bc.jpg,46.94567611882716,45.34111070264233,1920,1080,train
744b27_3_1_png.rf.95f59b22f83f01ccbd792d4e4aa90b1c.jpg,83.94739872685186,49.79389561186017,1920,1080,train
744b27_3_1_png.rf.f046c6c884bb503001426928b6a150a0.jpg,37.64857445987654,40.924563021494116,1920,1080,train
744b27_3_2_png.rf.385e285b196abbd8e1f3cfad3f7efd1f.jpg,72.09267891589506,49.769501604484915,1920,1080,train
744b27_3_2_png.rf.5e5a68dfe9c0768800c4240d2326006e.jpg,70.10002266589507,49.77778679547393,1920,1080,train
744b27_3_2_png.rf.732528c6c763dc262be638cee76a358a.jpg,31.348202642746912,38.77539043461825,1920,1080,train
744b27_3_3_png.rf.3d3ecf015fd2e9ae94a0d28d1db00507.jpg,77.74877893518519,50.21526733329893,1920,1080,train
744b27_3_3_png.rf.730f04ca0c8bd35dd75a3832fbeb438d.jpg,109.87362027391976,48.60591000847557,1920,1080,train
744b27_3_3_png.rf.c092f7a33e8e638026abb475d13e838a.jpg,74.4331071566358,50.207765553884855,1920,1080,train
744b27_3_4_png.rf.95673997a5d238312239471c56682c4a.jpg,61.41921730324074,48.403684442776076,1920,1080,train
744b27_3_4_png.rf.c4c94cf9b170678b53561db6cca0f89d.jpg,88.90512201003087,48.36679444594641,1920,1080,train
744b27_3_4_png.rf.e524874b40071caab24e035edfed1819.jpg,76.15886959876543,48.72133970396701,1920,1080,train
744b27_3_5_png.rf.7177779dd8a6e8f823e93b498a2f55bd.jpg,45.95619212962963,44.637853921817225,1920,1080,train
744b27_3_5_png.rf.898c79583f7fd30eecca429eee971ae9.jpg,111.29498167438271,47.49896812647929,1920,1080,train
744b27_3_5_png.rf.91cd0cea6f7886e1d6a1a1ed33fb14b8.jpg,123.6567009066358,46.68046361229593,1920,1080,train
744b27_3_6_png.rf.056b71bcd2ddf85577249aaee94fd89c.jpg,67.80251157407407,48.912449253686574,1920,1080,train
744b27_3_6_png.rf.2a7470db54aab2fd71142da94b1e74d4.jpg,50.70044608410494,45.71089040200615,1920,1080,train
744b27_3_6_png.rf.a339390ea5fba9f06f2eb57fc5159cd5.jpg,125.74923032407408,47.378429673913125,1920,1080,train
744b27_5_10_png.rf.854bdd338075560881255081176ceb18.jpg,96.30873649691358,43.27061089059084,1920,1080,train
744b27_5_10_png.rf.861800477f821feb0fd5d08fd290ddd4.jpg,123.83432677469136,42.42447388118536,1920,1080,train
744b27_5_10_png.rf.a3f69e12156c93817294e095102667b3.jpg,64.8495953896605,40.43798529104045,1920,1080,train
744b27_5_1_png.rf.3fdba70aa851414e718f483bfbac5121.jpg,119.26177372685186,44.884846509255766,1920,1080,train
744b27_5_1_png.rf.91c9243585edd4a7b93c4624dc5cc171.jpg,134.87381558641977,43.86663729772465,1920,1080,train
744b27_5_1_png.rf.d47e5b3d43c498f865fdda84bbfb81e9.jpg,67.98637008101852,43.21597675717149,1920,1080,train
744b27_5_2_png.rf.33bd4c1396f851696071aaf944175ccf.jpg,113.37155767746914,46.95606578154621,1920,1080,train
744b27_5_2_png.rf.6aab718055b694a0bfb06326e6d2ae5c.jpg,62.625638020833335,44.13673761236812,1920,1080,train
744b27_5_2_png.rf.6ffdcb737aa3f0764e80e4bd268bcff8.jpg,85.8970847800926,46.69685318937531,1920,1080,train
744b27_5_3_png.rf.05da40e9def4c7bf631302f0ea75f7c9.jpg,88.21924913194445,49.763251512875726,1920,1080,train
744b27_5_3_png.rf.14346f81d8a939142a177dee0aa4f68f.jpg,68.37874083719136,47.98379585301576,1920,1080,train
744b27_5_3_png.rf.2dfea49bec7395b06437639a7e8ac90c.jpg,93.08454571759259,49.93759572118054,1920,1080,train
744b27_5_4_png.rf.20016e407951cfd2079f6b21ea6e2e1f.jpg,95.74044801311729,50.38984881474078,1920,1080,train
744b27_5_4_png.rf.4d34e579aeb60fdf7493d4b8467c732b.jpg,84.03785976080248,50.860099822411,1920,1080,train
744b27_5_4_png.rf.d9cd9947e6c60619478fa1a9aeb718df.jpg,100.75129050925926,50.04853712119801,1920,1080,train
744b27_5_5_png.rf.5144b2e2241dd7659345e51ca3399aba.jpg,105.01300733024691,50.569596193804266,1920,1080,train
744b27_5_5_png.rf.aef9a975516ffb0eb833460696adc19c.jpg,119.61753375771605,49.407512741004545,1920,1080,train
744b27_5_5_png.rf.e7698c50eb6fcd17c6f0fecc01bc5e75.jpg,105.0737037037037,50.48219291552574,1920,1080,train
744b27_5_6_png.rf.36cd72b05c05e6105a81dee0c4d94fc4.jpg,111.6293002507716,50.13160639058047,1920,1080,train
744b27_5_6_png.rf.505c5e790b984639b5e076e44cafb862.jpg,84.2640692515432,51.75595476333463,1920,1080,train
744b27_5_6_png.rf.fc579557a6bdd815c0d9de082ec9d821.jpg,101.92800733024691,50.82521658713887,1920,1080,train
744b27_5_7_png.rf.54392128c2bbf352447888b32b67f069.jpg,87.84285397376543,51.45511217571415,1920,1080,train
744b27_5_7_png.rf.8c3bad37bbe3c1657b440ab3e8bfb7cb.jpg,48.83924623842593,46.44418568582116,1920,1080,train
744b27_5_7_png.rf.9cfc6f4d4ecfcb8063811d9242071167.jpg,104.50205873842593,50.68949415143094,1920,1080,train
744b27_7_10_png.rf.1bdbca6d792f07aadc2f71afda223b53.jpg,99.44146460262345,41.605972154252854,1920,1080,train
744b27_7_10_png.rf.b5cc498670b03018318966869a23d750.jpg,107.32463396990741,41.68755894081303,1920,1080,train
744b27_7_10_png.rf.f8cdf26c9e3c6b13c23e0dd44d30da9e.jpg,146.79579812885802,39.732470470364454,1920,1080,train
744b27_7_2_png.rf.272491b64e67e0a43963804f492d8e3f.jpg,138.00688705632717,46.79461196787027,1920,1080,train
744b27_7_2_png.rf.36670306449fa9a6412e438ea92fabd8.jpg,144.92546392746914,46.279758714510116,1920,1080,train
744b27_7_2_png.rf.a11bea85f60a8c881adfde04c19efd7c.jpg,62.23641734182099,46.26243147567878,1920,1080,train
744b27_7_3_png.rf.1a011c5876f7d3c17deecdd8b42ec5ad.jpg,121.65975839120371,47.632430391280735,1920,1080,train
744b27_7_3_png.rf.65d74ebee88cc4520fcb43f9e5271d49.jpg,72.18429253472222,46.84903347554424,1920,1080,train
744b27_7_3_png.rf.b10ba2d2cd5ed5cea4cd681cc69e3607.jpg,129.47053915895063,47.0064329915731,1920,1080,train
744b27_9_10_png.rf.029c88452f51912ae5c91d05a2e33cfa.jpg,112.71793547453704,49.249910435786084,1920,1080,train
744b27_9_10_png.rf.8a27b40731f12149a5cf4d319d36d6ce.jpg,102.84278935185185,49.86099114320521,1920,1080,train
744b27_9_10_png.rf.bfabd29ee6e4848af94d52e368f5e79f.jpg,119.45358555169753,48.74840786040401,1920,1080,train
798b45_1_3_png.rf.6d5ddff4afb84305c69d2e3ea1d5b228.jpg,131.74566213348766,47.53239811744388,1920,1080,train
798b45_1_3_png.rf.80bf528e5e81844dccba8e75a655da8c.jpg,146.75665605709875,45.489274249288655,1920,1080,train
798b45_1_3_png.rf.fe26b2fdb8ed160ef189672f2267c2e3.jpg,122.41243682484568,49.355740075968185,1920,1080,train
798b45_1_4_png.rf.5ff4f75fcea3f671baa5069ed6c23d2a.jpg,73.57709346064814,47.225608680463836,1920,1080,train
798b45_1_4_png.rf.8424762b80f6404301e59a07a17ab290.jpg,152.96889805169752,44.292453615825075,1920,1080,train
798b45_1_4_png.rf.fe9bfd73f30fca2e02d3c732a88680c2.jpg,85.67818769290123,48.63264347232189,1920,1080,train
798b45_1_5_png.rf.8e6a9f389760d1306896e9e638e60a37.jpg,89.73562114197532,48.0054981001082,1920,1080,train
798b45_1_5_png.rf.ae5f74641c410759a255080113bb801b.jpg,78.28328896604938,47.20861456374654,1920,1080,train
798b45_1_5_png.rf.d5908b8c6f2678c32650afdb56d36b2d.jpg,138.74704571759258,43.830712458294485,1920,1080,train
798b45_1_6_png.rf.33e77901f519eab54542a05af9ec002a.jpg,47.601145833333334,41.742885323766444,1920,1080,train
798b45_1_6_png.rf.6abf086cabbcd011559e1043acc10a3f.jpg,39.3076740933642,39.2952125862204,1920,1080,train
798b45_1_6_png.rf.c24783c9442d3c63d0eb7c532d22e486.jpg,48.931633391203704,42.39988649412123,1920,1080,train
798b45_1_7_png.rf.c6b6c75ca75300943111880914c22b62.jpg,96.80573881172839,47.16403902155585,1920,1080,train
798b45_1_7_png.rf.d9325439d1c2c81e7352ed4f4571d2ff.jpg,121.30132330246913,46.31093127231469,1920,1080,train
798b45_1_7_png.rf.dfce2523b7d9182903710ffcd438f920.jpg,49.02724006558642,42.99453691623665,1920,1080,train
798b45_3_1_png.rf.6cf047124f722dd65ca24fd06eed5231.jpg,91.7204865933642,51.43968368613913,1920,1080,train
798b45_3_1_png.rf.bbddc7296314653bee5d089ec7447229.jpg,154.00446952160493,45.2725442217341,1920,1080,train
798b45_3_1_png.rf.fed981274e9377c1058cf563c9803bca.jpg,81.33830005787037,50.38642460289253,1920,1080,train
798b45_3_2_png.rf.4c5d934e7845e78dccc5c5fc4cb5b929.jpg,161.15155912422838,42.458378778072365,1920,1080,train
798b45_3_2_png.rf.bf217c354dbf40cf6d35bcd8d84e9692.jpg,146.63059895833334,45.32655837949056,1920,1080,train
798b45_3_2_png.rf.dd4f6bcc11f15eb3cdc18f82c53dc708.jpg,149.4526948302469,45.18695800426544,1920,1080,train
798b45_3_4_png.rf.255edb59326ce3c73de7cd53d0ac3160.jpg,139.1716980131173,42.69008414783504,1920,1080,train
798b45_3_4_png.rf.ab2dbeb7ec7c5e5a680f260c5b7b4bb4.jpg,125.6593147183642,45.18632039801626,1920,1080,train
798b45_3_4_png.rf.ba181a0052d45f0cd880962836a4342c.jpg,120.61470100308642,46.10001305040804,1920,1080,train
798b45_3_5_png.rf.52866d24e755906de128a9d182d3e4b0.jpg,141.10444396219137,44.134461447198206,1920,1080,train
798b45_3_5_png.rf.958b1808a0664b82c3b30c0f141591f8.jpg,119.26593798225309,47.24323099746538,1920,1080,train
798b45_3_5_png.rf.9ce22cfca039bc40511712efceff2fc6.jpg,136.19145447530863,44.54918674702413,1920,1080,train
798b45_3_6_png.rf.17b907063436e820e2902b6e0ec10124.jpg,83.18673755787037,47.83780193040629,1920,1080,train
798b45_3_6_png.rf.1d375ed6450de073375c4d411e4ec637.jpg,76.66272183641975,47.02983140162936,1920,1080,train
798b45_3_6_png.rf.7d1e9b3362c04541dce8b84d01424054.jpg,130.1392500964506,47.28911657279596,1920,1080,train
798b45_3_7_png.rf.3279f0b0de857813420422522762ecb8.jpg,91.66331983024692,49.14697019014196,1920,1080,train
798b45_3_7_png.rf.de81f45bb8e8c1437e2a993e038dd260.jpg,142.02406539351853,46.00958230953845,1920,1080,train
798b45_3_7_png.rf.f4e5869e803c6c1960cf2805be7a90b7.jpg,96.94190634645062,49.46267500437139,1920,1080,train
798b45_5_1_png.rf.33481c67a8cc5e708063f9edbc4b77bc.jpg,82.66716097608025,31.485211903197484,1920,1080,train
798b45_5_1_png.rf.3a97422350e25d0b4fd5ce5cc036426b.jpg,95.2518677662037,32.605020454344036,1920,1080,train
798b45_5_1_png.rf.8e668c43ec3c82f779ac9f617bb8966f.jpg,79.76427324459877,31.24729452065446,1920,1080,train
798b45_5_2_png.rf.4f070ccb225048c222f4e86e8302bd1d.jpg,85.16785059799383,33.05719005471165,1920,1080,train
798b45_5_2_png.rf.db28acacec5898c4289b09881d6648a4.jpg,106.96317370756172,34.927032755551444,1920,1080,train
798b45_5_2_png.rf.f95edbf5070e57ab6fcb6602f2ebe2eb.jpg,73.24909143518518,31.71133484820634,1920,1080,train
798b45_5_3_png.rf.072f37bef141fefc716433ab8004ef22.jpg,82.6380714699074,30.932738530645945,1920,1080,train
798b45_5_3_png.rf.a41a4e8f0290e933ad75bd3ca4f3be1d.jpg,145.3348046875,32.761568265036615,1920,1080,train
798b45_5_3_png.rf.ddea6c87778ed52ce366c9e8e964b4bb.jpg,122.60694878472222,33.63746278226294,1920,1080,train
798b45_5_4_png.rf.0e9a473dc6cd1be2c2b2f808a285dede.jpg,68.97380497685185,27.68077290517482,1920,1080,train
798b45_5_4_png.rf.32bbee32eef2242fa9701b331fcc34fc.jpg,125.296863908179,32.076679808569196,1920,1080,train
798b45_5_4_png.rf.f82cd2238aefb238b4b842e80e950aa7.jpg,160.89896604938272,30.581119995276723,1920,1080,train
798b45_5_5_png.rf.7d3fac80490e114734b983f9104dba45.jpg,107.69064911265433,31.218271274446302,1920,1080,train
798b45_5_5_png.rf.dbe7efae00f3fb0080fbaf331ca93d42.jpg,64.16055073302469,26.691758483741932,1920,1080,train
798b45_5_5_png.rf.e6ae2341a5c39c0112ce5d13e38534d6.jpg,84.1388242669753,28.75704500718253,1920,1080,train
798b45_5_6_png.rf.1985a6d926f161c3af0a1f22e0240b6a.jpg,117.96558738425927,35.19967282253549,1920,1080,train
798b45_5_6_png.rf.5a1fc3c552b311facd42fe392d2eb54e.jpg,165.43488715277778,31.247600421711837,1920,1080,train
798b45_5_6_png.rf.5bdf56daf3363d4b805d445707df0236.jpg,95.5971305941358,33.60331424235595,1920,1080,train
798b45_5_7_png.rf.0ec99f514a409ffd98dbfa2396e9aeb8.jpg,131.29416329089506,44.01999464678396,1920,1080,train
798b45_5_7_png.rf.b0029cd5b9966271747f5a9d586d1226.jpg,138.581796875,42.30054273135179,1920,1080,train
798b45_5_7_png.rf.fd18720cbd1f6ab9f5e2059346f9a736.jpg,131.28682339891975,44.12548387220119,1920,1080,train
798b45_7_1_png.rf.613f189eb83a48fc8ab81d16581ef1c5.jpg,137.51640866126544,45.20755277368106,1920,1080,train
798b45_7_1_png.rf.ea47a613abe3effd3d7a1609ec0bd598.jpg,132.96304060570986,46.44375688156599,1920,1080,train
798b45_7_1_png.rf.f6df7a5595f8f03af3cb41dae8bb2d1d.jpg,106.10898485725309,49.002905269258214,1920,1080,train
798b45_7_2_png.rf.31ccef1c0902c14481f23c6118219c9e.jpg,64.0095095486111,44.84957478453065,1920,1080,train
798b45_7_2_png.rf.b4b24c8891bbbf5e99a8c55e50eb7b9e.jpg,139.97508777006172,46.3112760324385,1920,1080,train
798b45_7_2_png.rf.cb55818f67ef675493149cf18d9ae188.jpg,91.35839747299383,48.88756253958982,1920,1080,train
798b45_7_3_png.rf.3bc218b7996402acb54e4198d96b3b68.jpg,136.69057436342592,46.94638876529077,1920,1080,train
798b45_7_3_png.rf.c04117a6fcaca50a8bae689048d29b71.jpg,95.00262827932099,48.867913062867,1920,1080,train
798b45_7_3_png.rf.ef5b2265ed424fad3ee6d60189888a79.jpg,157.42409336419752,43.00284506616387,1920,1080,train
798b45_7_6_png.rf.0c4b4960a537f6e15b18c224bc09d289.jpg,78.76554446373457,46.24664148036479,1920,1080,train
798b45_7_6_png.rf.98c89f4d34193117f46f9f42c98def7a.jpg,133.2824430941358,44.60985476095653,1920,1080,train
798b45_7_6_png.rf.c8c17f3473390c7ebc0f46e07ea575d5.jpg,69.35337384259259,45.27994580484178,1920,1080,train
798b45_7_7_png.rf.3e28685ccc61432403e450dd99214ee5.jpg,62.823171296296294,42.37644187444541,1920,1080,train
798b45_7_7_png.rf.683661e5b69eb53a6fa287222687890a.jpg,58.3695597029321,41.50114057898504,1920,1080,train
798b45_7_7_png.rf.b414c4bf854e3db3684805b4fe94d5d5.jpg,99.69797791280864,45.524305056194265,1920,1080,train
798b45_9_9_png.rf.4e947278ec21edd965ad43ee25ce6272.jpg,44.284744405864195,42.08641003263474,1920,1080,train
798b45_9_9_png.rf.93054092a0a3788a9d34f671d80ccdb9.jpg,62.745019772376544,46.718203540866554,1920,1080,train
798b45_9_9_png.rf.b4090d4c0a0caf920dcc6315e1e77db7.jpg,64.69228973765432,46.84989394500628,1920,1080,train
a9f16c_2_8_png.rf.0ec661d8d8b9a01a8d191813706870b5.jpg,146.72313705632715,41.235092407432084,1920,1080,train
a9f16c_2_8_png.rf.84584202ffb4a15fd3f92c9d21a3db2c.jpg,96.7023543595679,41.928194732831194,1920,1080,train
a9f16c_2_8_png.rf.cc9e05aded81d9e1002a4687da26ce44.jpg,104.53071903935185,42.47255513201994,1920,1080,train
a9f16c_5_8_png.rf.3400afcd318cf4f3e9a27dca5b50cca9.jpg,99.49724247685185,43.36213861998203,1920,1080,train
a9f16c_5_8_png.rf.3e97d0e0b5a0e142d97e755625b69f58.jpg,99.48804157021605,43.37535021976556,1920,1080,train
a9f16c_5_8_png.rf.ce28fdc019d3b80e5e9292b84f881a93.jpg,99.46691454475308,43.34908887216773,1920,1080,train
a9f16c_5_9_png.rf.6478b9e50bcc1d06ae139bddffc4065a.jpg,131.45182773919754,41.54187042601635,1920,1080,train
a9f16c_5_9_png.rf.78deab48f31b5ddbffa53910f3c0c109.jpg,83.5232137345679,40.46103763432916,1920,1080,train
a9f16c_5_9_png.rf.cafa656ce97d4995d4746281cbc0c747.jpg,89.44817274305555,40.99240144658857,1920,1080,train
a9f16c_8_1_png.rf.055cc1def23b5c3476649f4788d393cd.jpg,157.72400511188272,37.389088633340116,1920,1080,train
a9f16c_8_1_png.rf.28a7c1c3305078ff7510d70e0db90b8d.jpg,77.26149739583333,36.47216930841676,1920,1080,train
a9f16c_8_1_png.rf.b38340f30a215ee188ec8cf6da31e712.jpg,152.79111593364198,37.59982231970061,1920,1080,train
a9f16c_8_2_png.rf.06455ef46b1ad50da2c0c4da4164d0a4.jpg,77.27018952546297,39.93904749838046,1920,1080,train
a9f16c_8_2_png.rf.094e35164be0ddf2ad6920c3587cc209.jpg,111.84851948302469,42.75254955066409,1920,1080,train
a9f16c_8_2_png.rf.2d26e6d3a3657565f39fb152e86b7500.jpg,147.18833526234567,41.33600352745979,1920,1080,train
a9f16c_8_3_png.rf.324837923b99e0ff3ee8aa14799c2be9.jpg,87.74017312885802,41.46424299645912,1920,1080,train
a9f16c_8_3_png.rf.508c81d6e1f1906b5483bf7699dc23eb.jpg,84.97419897762346,41.19908731784538,1920,1080,train
a9f16c_8_3_png.rf.fa03622eb7a1e6e9e90e0fd95dd5aed6.jpg,142.4592230902778,41.63958324709905,1920,1080,train
a9f16c_8_4_png.rf.2aafd5cbff8ab234fb972ae814d41458.jpg,162.27334828317902,39.78718548485634,1920,1080,train
a9f16c_8_4_png.rf.41667a737e0c7cf07a8e51cc33840f85.jpg,80.72907262731482,40.78273647045343,1920,1080,train
a9f16c_8_4_png.rf.a031dd773f81ed3cf696b5ba630b5ca8.jpg,159.36795958719136,40.000852599100966,1920,1080,train
a9f16c_8_5_png.rf.4c72351ee64b955c023c933fc413cb6f.jpg,68.19122010030864,39.360875899533625,1920,1080,train
a9f16c_8_5_png.rf.ddfd6300db6b4de6b517996ac3b1a5d1.jpg,94.78734471450618,41.795728790964084,1920,1080,train
a9f16c_8_5_png.rf.ed8e32f34c7fb2e87eaef3e3f9315245.jpg,65.99546778549383,38.92180557194946,1920,1080,train
c01561_1_10_png.rf.1d756511ca36fc044a94cbaa2a41adeb.jpg,84.00507137345679,52.067991539837514,1920,1080,train
c01561_1_10_png.rf.6f1baf2d1d8e3767e2e0bbd3dd327127.jpg,160.04204089506172,53.01789204096541,1920,1080,train
c01561_1_10_png.rf.87d59882256bf8a44507bf6a8fd59944.jpg,152.49057629243828,53.779255307534086,1920,1080,train
c01561_1_2_png.rf.303f17abf4318a9f6cb0a13b8f98e78b.jpg,143.0580642361111,62.76218768036736,1920,1080,train
c01561_1_2_png.rf.34b7f17661686c6ae2643eda843482ef.jpg,77.36358892746914,61.16807464481664,1920,1080,train
c01561_1_2_png.rf.9cd19faf0fc2195b8532e3731655592b.jpg,86.58241078317901,62.86447028154436,1920,1080,train
c01561_1_3_png.rf.57eb04032747bb1a830bf94cfaa6292b.jpg,126.4107388117284,59.0120692107374,1920,1080,train
c01561_1_3_png.rf.e01e6b964289b1effd22532702d892ac.jpg,87.30031201774692,55.80849812408151,1920,1080,train
c01561_1_3_png.rf.fa730e5c3f715a0d55f2dd604174c8d5.jpg,110.92261574074074,58.211438278045,1920,1080,train
c01561_1_4_png.rf.ad5f8960608cf8219fc4dfd1396fae29.jpg,170.55049430941358,54.44782541139696,1920,1080,train
c01561_1_4_png.rf.e198599020f3456baa241737ee59273e.jpg,138.90943672839506,56.65586486841657,1920,1080,train
c01561_1_4_png.rf.e2ec4db71eec1ab07fe9ed369ffe01d8.jpg,176.98380979938273,53.78000009066943,1920,1080,train
c01561_1_5_png.rf.54a1962fdde51b2725b47f314083f4d4.jpg,138.68611786265433,55.518560498215166,1920,1080,train
c01561_1_5_png.rf.bbf567644341c127d7f69f264e16ca35.jpg,145.53926745756172,55.2269097007618,1920,1080,train
c01561_1_5_png.rf.e84226fee7a58d413ac02edee58b6312.jpg,121.07934268904322,54.89006485937364,1920,1080,train
c01561_1_6_png.rf.557b25a6bf91ddd0ffd0d00670c5f93d.jpg,87.12427083333333,51.702570666375244,1920,1080,train
c01561_1_6_png.rf.a75cf5775dda0330675cc283b1e7d597.jpg,165.79892650462963,53.62783902278249,1920,1080,train
c01561_1_6_png.rf.f87b1fca881cd63c5fbc10490bb58d87.jpg,89.7989023919753,52.316637662808084,1920,1080,train
c01561_1_7_png.rf.09f614b029ce7f5a68fbefa217d75895.jpg,96.37844521604939,52.94102964873116,1920,1080,train
c01561_1_7_png.rf.ba5b5cbcb0fccc16c638f1f107719d67.jpg,118.5494285300926,54.553645410164876,1920,1080,train
c01561_1_7_png.rf.ea01c417fc8342c03d0234d0901721d7.jpg,113.78557436342592,54.264798441234724,1920,1080,train
cd987c_0_1_png.rf.86fa4a06126aceed101f3dc8575602ee.jpg,88.36880497685185,52.800874098946636,1920,1080,train
cd987c_0_1_png.rf.b3912fd29366feb0b8d4878f1f0d2eb2.jpg,119.86460841049383,51.43200522813827,1920,1080,train
cd987c_0_1_png.rf.c6ef926f6bb42fc214e9a0292717efee.jpg,85.5914771412037,52.512991034778686,1920,1080,train
cd987c_0_2_png.rf.0cb4f586be9c76cde83dcc9180c89cb7.jpg,85.78639660493828,52.7824726853473,1920,1080,train
cd987c_0_2_png.rf.3015fe430b10a08c3f0b026c8427f47b.jpg,69.36269675925926,50.93411254225095,1920,1080,train
cd987c_0_2_png.rf.6e5034f2fba18d9a5d1b5e8a964ac97f.jpg,127.0787958140432,50.87831557731003,1920,1080,train
cd987c_0_3_png.rf.05e51f4c2fabcf8dc1acd241b07a1eaf.jpg,97.34429639274691,53.59751369574043,1920,1080,train
cd987c_0_3_png.rf.69742fb30c1e84cb5df799cd5353a97a.jpg,119.34022183641976,52.00342763503034,1920,1080,train
cd987c_0_3_png.rf.b8221ec6cbcfae7695b22277f2ac16a2.jpg,145.0175641396605,46.69604557049261,1920,1080,train
cd987c_0_4_png.rf.3e8312f26a25cc7d65493babe7a21046.jpg,102.5167399691358,54.05857519348209,1920,1080,train
cd987c_0_4_png.rf.b15268ca785c0bef1b095c767223e284.jpg,110.24754002700617,53.71357566142375,1920,1080,train
cd987c_0_4_png.rf.fd2ea8a31d4e4ad76052d47890028e1e.jpg,116.63252314814815,52.21509215804888,1920,1080,train
cd987c_0_5_png.rf.e6c4c792925d8a28a35bf2bbc07250e9.jpg,130.21804542824074,46.257338194948154,1920,1080,train
cd987c_0_5_png.rf.e7c01232c3dd3c22522df0cae70fb21a.jpg,72.13199315200617,48.880244936707136,1920,1080,train
cd987c_0_5_png.rf.fe89c369ee80460ebdf1afa9a7fc6510.jpg,113.65384018132715,49.784348885593516,1920,1080,train
cd987c_9_10_png.rf.2fb05afe1b6f1caad0e2566c53f406a5.jpg,112.43554542824074,43.70786163736049,1920,1080,train
cd987c_9_10_png.rf.6c14c8cbee021e20c487237de443a32b.jpg,48.75407600308642,44.47736068168535,1920,1080,train
cd987c_9_10_png.rf.6c2ad5f205edfb5bbc3452e1bc14729b.jpg,47.10049672067901,44.05273708434125,1920,1080,train
cd987c_9_8_png.rf.eaa0114784d5361464df44a5b8648a9b.jpg,39.71862750771605,42.66923817038039,1920,1080,train
cd987c_9_8_png.rf.eb1566053b80290b5946b17aff67942e.jpg,75.04106819058642,46.0945797093872,1920,1080,train
cd987c_9_8_png.rf.ffb8abc235b923e6444cb8f4232fee10.jpg,102.32732397762345,43.60466597727534,1920,1080,train
cd987c_9_9_png.rf.4c1ebafa9770cbe5b2bc502b6411a667.jpg,94.76426697530864,44.69840561225299,1920,1080,train
cd987c_9_9_png.rf.557878baa7c60c6f859764b956884f27.jpg,30.723784239969135,39.02261626471581,1920,1080,train
cd987c_9_9_png.rf.64a4481cdad6a49c66e47e1c4ede8b8e.jpg,71.97281201774692,45.5775527230434,1920,1080,train
08fd33_3_1_png.rf.6f25c835bf6d1828dcf584e5969b1f58.jpg,114.95103636188271,39.90534781427994,1920,1080,valid
08fd33_3_3_png.rf.128b8280598b9931fdeeed42b5be4c51.jpg,113.37777970679012,40.81649783428385,1920,1080,valid
08fd33_9_8_png.rf.cc61e7ba09940f4606e4464dd621fe2f.jpg,111.47512827932098,40.70625695585192,1920,1080,valid
121364_7_9_png.rf.bd5ceb93233525ef03fac0eae292f5ed.jpg,109.90691020447531,39.817245631311515,1920,1080,valid
121364_9_2_png.rf.400d952c966048709aa5b421889a4dba.jpg,109.91060281635802,40.09682454488598,1920,1080,valid
121364_9_3_png.rf.175a041e339a6a4c918ae7f7141461aa.jpg,109.28797116126543,39.06926906019727,1920,1080,valid
2e57b9_3_10_png.rf.f85ed097b3476e84600e0a9409959cf4.jpg,106.21584780092593,38.62391665652793,1920,1080,valid
2e57b9_3_8_png.rf.6896c68ab1045f7595468d06c0021b79.jpg,106.60179494598765,38.27060914039968,1920,1080,valid
2e57b9_9_1_png.rf.87b260e714b9f6af5288301e51014dc4.jpg,110.18963541666666,39.62370749223689,1920,1080,valid
40cd38_7_7_png.rf.734097f181067cdf149fbd63249a51b2.jpg,102.03343605324073,51.84960597763253,1920,1080,valid
42ba34_1_3_png.rf.e18c2b97d91dccbbdfe601c29b4817e3.jpg,112.43416377314814,52.94843500035004,1920,1080,valid
42ba34_1_4_png.rf.0190fbc779b7f4320c25835a5d952de0.jpg,113.72921778549383,53.06693627670925,1920,1080,valid
42ba34_3_2_png.rf.fd1addd604a4c47dea9dba52f7012203.jpg,110.64237027391975,46.632097374977285,1920,1080,valid
42ba34_7_1_png.rf.f8b2cb5fd5d8f39278243a6bfe9279a1.jpg,113.61755304783951,38.73122333251835,1920,1080,valid
4b770a_3_1_png.rf.4715dcbc4be0f14fbb5d8450fcff5bf0.jpg,114.80833526234568,47.90689628415205,1920,1080,valid
4b770a_3_7_png.rf.0fe6dc6c1fd85518ff5456a914a7571d.jpg,87.29008294753086,47.9802262856495,1920,1080,valid
4b770a_5_5_png.rf.32e220f7f4f090859fd2bb2ba0c5d8d1.jpg,77.9280613425926,50.43081034758551,1920,1080,valid
538438_1_5_png.rf.927cf8101773ba75712dcee17a35e56b.jpg,96.2044319058642,41.80711854123488,1920,1080,valid
538438_9_8_png.rf.f77a8d26e22089ac66e5c925a6d52d70.jpg,108.31966917438271,36.22726692576486,1920,1080,valid
54745b_9_2_png.rf.459f3f85a7dab225b74601302e33d05b.jpg,110.1353018904321,34.58312488384729,1920,1080,valid
54745b_9_4_png.rf.3227ab0fa5e4b28148cbb235e5fa8494.jpg,115.18683979552469,33.28733960452737,1920,1080,valid
54745b_9_5_png.rf.277792543ff53b9e63dfe5ebd8b0141e.jpg,113.02556616512345,36.49129235509009,1920,1080,valid
54745b_9_6_png.rf.9670b3ae25639828ce68a51f35ab0d95.jpg,114.07093315972222,36.91820523959179,1920,1080,valid
573e61_1_10_png.rf.a01a3d439e964eb4342eb9e7d49295e6.jpg,102.50398341049383,40.60312797434022,1920,1080,valid
744b27_1_6_png.rf.a47d969e663ab6a912c9ddcb7ac9ada4.jpg,106.32445698302469,46.127234418054385,1920,1080,valid
744b27_1_7_png.rf.b2d05a9295c0da84bb0f7107fa0b44f5.jpg,104.72790702160493,42.437416577244846,1920,1080,valid
744b27_3_7_png.rf.8611933fe3c87a1f7cdc044eb6076239.jpg,85.36451485339506,51.41995687430713,1920,1080,valid
744b27_7_1_png.rf.f8de7a6218a47e85554c874fb48dbb72.jpg,100.31049527391976,47.03917187389942,1920,1080,valid
744b27_7_5_png.rf.0d0d78b8bd87f5c6e4fff3f07aff5264.jpg,72.71913435570988,48.05582883676194,1920,1080,valid
744b27_7_6_png.rf.1bcd345f6691254eddeea6e9cb8425a4.jpg,69.41087191358025,48.8671274844747,1920,1080,valid
744b27_7_7_png.rf.962e610b06248637fd063e49893216a8.jpg,66.2730434992284,49.845181340049066,1920,1080,valid
744b27_9_8_png.rf.68e5d3f2de2384cd05cdb3f5edbd051b.jpg,101.03976417824074,47.597713428413435,1920,1080,valid
798b45_1_1_png.rf.8439a1c181599a0556904a92fd89bd81.jpg,111.53961902006174,50.7724826151355,1920,1080,valid
798b45_1_2_png.rf.16fbff81b9da39745fd50739c7f50b60.jpg,111.42895495756173,50.60066638986941,1920,1080,valid
798b45_7_4_png.rf.7e95236908fb69555ee34e25ab14b662.jpg,106.77738811728395,50.50570596629035,1920,1080,valid
798b45_7_5_png.rf.5e0e5e1e6456340e3fb21908d6e028d9.jpg,100.61588734567901,48.5131596760219,1920,1080,valid
798b45_9_8_png.rf.04032c3799e0f6e13589c90ba3c4bdeb.jpg,77.92662856867284,47.50154651504059,1920,1080,valid
a9f16c_8_10_png.rf.9835e230bebd2303d07d0147fe441dfa.jpg,110.43011140046296,37.32638870590612,1920,1080,valid
40cd38_7_6_png.rf.68ef7fcd663cdf0f5b96bacdbcd94e07.jpg,101.91160252700617,51.563240041709555,1920,1080,test
42ba34_1_5_png.rf.4337fde8fbe3640cf4351fb41ac9c3ca.jpg,113.48656925154322,55.05292751793997,1920,1080,test
42ba34_5_5_png.rf.ceb556bd4c92d41496ae1d8c56600c4a.jpg,109.97796633873457,50.05601313870909,1920,1080,test
4b770a_1_4_png.rf.5a45b3b841a06de414ceb802e34c136f.jpg,108.06036024305556,50.95438857972691,1920,1080,test
4b770a_3_6_png.rf.d0d9403f2f73ca0da7a6a1373c02b749.jpg,85.21593219521606,48.40459460686366,1920,1080,test
573e61_1_9_png.rf.e82af77d907cdc12dccbd6857f53b9b1.jpg,100.72722270447531,42.036163710125635,1920,1080,test
573e61_9_6_png.rf.fc52856b5974cb67862c25bae96f25ad.jpg,108.55433159722222,45.86152567749981,1920,1080,test
744b27_1_10_png.rf.e6f27d3b66a0c6720b9e9e50265251a6.jpg,103.23002266589506,49.91650826168083,1920,1080,test
744b27_7_4_png.rf.3431eaf3ff56847b5076376771bdf954.jpg,99.99513503086419,50.09838055122364,1920,1080,test
744b27_9_9_png.rf.b229c5eff4425a17d2f7e4b34cf7edd1.jpg,99.74913676697531,50.2352529813297,1920,1080,test
798b45_3_3_png.rf.f3a1db99742364b75a965df8ed33ba8f.jpg,97.37642939814815,49.52973357963816,1920,1080,test
a9f16c_2_10_png.rf.cf607320fc980b28b6e14b14fed46e91.jpg,113.78383294753087,41.771798596585455,1920,1080,test
a9f16c_2_9_png.rf.ee1080f3ec9bad6ba2b8ae4799f90b59.jpg,114.33212480709877,41.38724863709007,1920,1080,test
