filename, ball, goalkeeper, player, referee
a9f16c_5_8_png.rf.ce28fdc019d3b80e5e9292b84f881a93.jpg, 0, 1, 1, 1
2e57b9_9_7_png.rf.ce91670680894e97bd6534b0d0ba89a3.jpg, 1, 1, 1, 1
42ba34_9_9_png.rf.d0f98ce1595e2261ddde9370a816a098.jpg, 1, 1, 1, 1
573e61_5_8_png.rf.d107bc792a61977bb504ea563078e260.jpg, 1, 1, 1, 1
42ba34_3_4_png.rf.d0ff63c9b40d85974af560909e14eb43.jpg, 1, 1, 1, 1
42ba34_7_4_png.rf.ceccc9c74080a098a6fc91e8b8573d47.jpg, 1, 1, 1, 1
538438_7_6_png.rf.d1c6e94a3671c8a5a4a5d0e885a62d9d.jpg, 1, 1, 1, 1
42ba34_5_1_png.rf.d26dc2978c0771ce3bcbf27ea0a74815.jpg, 0, 0, 1, 1
42ba34_3_6_png.rf.d1e76d61807eff09ad21fe38c165a9da.jpg, 1, 1, 1, 1
08fd33_6_4_png.rf.d4501548e52096f059689007623c1316.jpg, 1, 0, 1, 1
538438_3_2_png.rf.d2e7c808129d2131bb7b25b408fb4796.jpg, 1, 1, 1, 1
121364_9_6_png.rf.d1d5ec30cc666dbc787c7acf84f7b3f8.jpg, 0, 1, 1, 1
40cd38_7_2_png.rf.d0deda6197ef99c3b5c62c11dcf45c53.jpg, 1, 1, 1, 1
08fd33_3_2_png.rf.d467ed535609b20d2309ee88756c768c.jpg, 1, 0, 1, 1
573e61_7_10_png.rf.d696eb2360d93c4ca897721ad0daeb4c.jpg, 0, 0, 1, 1
798b45_1_5_png.rf.d5908b8c6f2678c32650afdb56d36b2d.jpg, 1, 1, 1, 1
744b27_5_1_png.rf.d47e5b3d43c498f865fdda84bbfb81e9.jpg, 1, 1, 1, 1
40cd38_7_1_png.rf.d93a43c608297c045920c1fac741db8a.jpg, 1, 1, 1, 1
744b27_1_2_png.rf.d1d7708b032eac5435d2e4e2da3bb99c.jpg, 1, 0, 1, 1
798b45_1_7_png.rf.d9325439d1c2c81e7352ed4f4571d2ff.jpg, 1, 1, 1, 1
538438_5_4_png.rf.d81e665ede6a8294e6500ee5676ca14b.jpg, 1, 1, 1, 1
54745b_3_8_png.rf.d929e439920885ce94004743502dab0b.jpg, 1, 1, 1, 1
4b770a_7_7_png.rf.d91172ffc1983914c77ce82cfafd9b4a.jpg, 1, 0, 1, 1
4b770a_7_7_png.rf.d7b19e34fb8687f19a8eb350fa0cad57.jpg, 1, 0, 1, 1
798b45_5_2_png.rf.db28acacec5898c4289b09881d6648a4.jpg, 0, 0, 1, 1
42ba34_7_2_png.rf.db2d1d38d48e6a6aca836ce9055698fa.jpg, 1, 1, 1, 1
798b45_3_2_png.rf.dd4f6bcc11f15eb3cdc18f82c53dc708.jpg, 1, 0, 1, 1
538438_5_6_png.rf.db797576f16be7c5376fd02b50877cb9.jpg, 1, 1, 1, 1
744b27_1_3_png.rf.da6e80998462bbb6eb9726fa09cf32e4.jpg, 1, 1, 1, 1
08fd33_0_7_png.rf.dd8ba705aa7d5f9e87e7ad38894019f8.jpg, 1, 0, 1, 1
08fd33_6_4_png.rf.dd3fd1fc200c92b165bcf9f1d76315dd.jpg, 1, 0, 1, 1
798b45_5_3_png.rf.ddea6c87778ed52ce366c9e8e964b4bb.jpg, 1, 0, 1, 1
4b770a_7_2_png.rf.de18b31588c5afd53a0c8cb9411e4326.jpg, 1, 1, 1, 1
538438_5_4_png.rf.df93e93c99efd811704450c409c13a33.jpg, 1, 1, 1, 1
2e57b9_9_2_png.rf.e18c820162de2f38a80ad2e84368149a.jpg, 1, 1, 1, 1
42ba34_3_5_png.rf.e15e2f6de05704789d2c77afe1b94af5.jpg, 1, 1, 1, 1
798b45_1_7_png.rf.dfce2523b7d9182903710ffcd438f920.jpg, 1, 1, 1, 1
40cd38_3_3_png.rf.ddd904dff7a367414262829cd7e42b8e.jpg, 1, 0, 1, 1
4b770a_1_1_png.rf.e1cf98dd1ac297e468764d3e0c02b343.jpg, 1, 1, 1, 1
798b45_3_7_png.rf.de81f45bb8e8c1437e2a993e038dd260.jpg, 1, 0, 1, 1
121364_9_6_png.rf.da3023b04a18c9819f7a90b729329f4e.jpg, 0, 1, 1, 1
42ba34_1_7_png.rf.dd6bed5d2024bfe9e4fe6eaf5310fcc1.jpg, 1, 1, 1, 1
a9f16c_8_5_png.rf.ddfd6300db6b4de6b517996ac3b1a5d1.jpg, 1, 1, 1, 1
798b45_5_5_png.rf.dbe7efae00f3fb0080fbaf331ca93d42.jpg, 0, 0, 1, 1
42ba34_3_4_png.rf.d3e4cb4e6eba409e60743d7c86ac8af7.jpg, 1, 1, 1, 1
c01561_1_3_png.rf.e01e6b964289b1effd22532702d892ac.jpg, 1, 1, 1, 1
744b27_5_4_png.rf.d9cd9947e6c60619478fa1a9aeb718df.jpg, 1, 1, 1, 1
573e61_9_7_png.rf.dda720690aa9a18de5011d92138e33f1.jpg, 1, 1, 1, 1
744b27_3_4_png.rf.e524874b40071caab24e035edfed1819.jpg, 0, 1, 1, 1
2e57b9_9_3_png.rf.e21e0b84e22c9c2c2f4a5795297980b7.jpg, 0, 1, 1, 1
42ba34_3_3_png.rf.e588f470734f01696d2d08b2aaced88f.jpg, 1, 1, 1, 1
4b770a_7_6_png.rf.e4f6c179e28b5a3d82a97593762dbd7f.jpg, 1, 1, 1, 1
c01561_1_4_png.rf.e2ec4db71eec1ab07fe9ed369ffe01d8.jpg, 1, 1, 1, 1
798b45_7_1_png.rf.ea47a613abe3effd3d7a1609ec0bd598.jpg, 1, 0, 1, 1
42ba34_1_1_png.rf.ea88cdbefcba99fc4c8fa47fc04f65aa.jpg, 0, 0, 1, 1
42ba34_3_7_png.rf.e974536bd426ab4415048448fca75dd4.jpg, 1, 1, 1, 1
744b27_1_3_png.rf.e364ee3a522e44317667900611be6287.jpg, 1, 1, 1, 1
744b27_5_5_png.rf.e7698c50eb6fcd17c6f0fecc01bc5e75.jpg, 1, 1, 1, 1
c01561_1_7_png.rf.ea01c417fc8342c03d0234d0901721d7.jpg, 1, 1, 1, 1
54745b_1_9_png.rf.eaecd94a7eb7d4755581de8eb16e602c.jpg, 1, 0, 1, 1
cd987c_9_8_png.rf.eaa0114784d5361464df44a5b8648a9b.jpg, 0, 1, 1, 1
54745b_5_9_png.rf.e7f0971ff51c4677403806fb12e35103.jpg, 1, 0, 1, 1
cd987c_9_8_png.rf.eb1566053b80290b5946b17aff67942e.jpg, 0, 1, 1, 1
40cd38_3_7_png.rf.e9f41595a358243043a9549a81556e8b.jpg, 1, 0, 1, 1
744b27_1_2_png.rf.e7df48514478ee870d05e655d11aed4d.jpg, 1, 0, 1, 1
538438_7_10_png.rf.ead60549cb7412d00fbc3f434db77b20.jpg, 1, 1, 1, 1
40cd38_7_3_png.rf.e54573ffc3e9c86c631df0ece0214d1e.jpg, 1, 1, 1, 1
2e57b9_9_7_png.rf.e6f4fa3835f2ba4fd8b7e67509811a1c.jpg, 1, 1, 1, 1
c01561_1_4_png.rf.e198599020f3456baa241737ee59273e.jpg, 1, 1, 1, 1
cd987c_0_5_png.rf.e6c4c792925d8a28a35bf2bbc07250e9.jpg, 1, 1, 1, 1
a9f16c_8_5_png.rf.ed8e32f34c7fb2e87eaef3e3f9315245.jpg, 1, 1, 1, 1
08fd33_9_9_png.rf.ee42a6de1ebd2736235126bfb0618349.jpg, 1, 0, 1, 1
42ba34_7_5_png.rf.ebf891c716d1ed89fbd94c0396e6478d.jpg, 1, 1, 1, 1
c01561_1_5_png.rf.e84226fee7a58d413ac02edee58b6312.jpg, 1, 1, 1, 1
2e57b9_1_8_png.rf.eddb5d52cda524e90e21bc091077ef2d.jpg, 1, 1, 1, 1
42ba34_7_5_png.rf.eda3b2b415be1f686b217995b3c93dae.jpg, 1, 1, 1, 1
cd987c_0_5_png.rf.e7c01232c3dd3c22522df0cae70fb21a.jpg, 1, 1, 1, 1
538438_7_7_png.rf.eb45059d051d5764eb807ba39cdc6160.jpg, 1, 0, 1, 1
54745b_9_3_png.rf.eef8f856ed7b7a8a558327aac609a4c0.jpg, 1, 1, 1, 1
08fd33_3_10_png.rf.eed0e0811afaf0bcda822aa2a59890d2.jpg, 1, 1, 1, 1
42ba34_7_3_png.rf.ef53c0f2887c22b5e7910e3755d32bd4.jpg, 1, 1, 1, 1
42ba34_7_3_png.rf.eff93d92158c6c0596d0cf7737d348d4.jpg, 1, 1, 1, 1
40cd38_3_3_png.rf.f0ed10e6b707cf2bc141cba84660726f.jpg, 1, 0, 1, 1
40cd38_3_4_png.rf.f24a76b465142ce214d8cd91486cbaf4.jpg, 1, 1, 1, 1
798b45_7_3_png.rf.ef5b2265ed424fad3ee6d60189888a79.jpg, 0, 0, 1, 1
744b27_3_1_png.rf.f046c6c884bb503001426928b6a150a0.jpg, 1, 1, 1, 1
54745b_5_9_png.rf.f55189886ecec603f89acbef1eb854ab.jpg, 1, 0, 1, 1
798b45_7_1_png.rf.f6df7a5595f8f03af3cb41dae8bb2d1d.jpg, 1, 0, 1, 1
798b45_5_5_png.rf.e6ae2341a5c39c0112ce5d13e38534d6.jpg, 0, 0, 1, 1
40cd38_3_7_png.rf.f6212d722b6b1a94f9789de41643eca5.jpg, 1, 0, 1, 1
538438_7_7_png.rf.f80ce9c7b9ebc271a4301c4e6f5c99ef.jpg, 1, 0, 1, 1
121364_7_8_png.rf.f27b47f2275660555e49e00d706a56d6.jpg, 1, 1, 1, 1
4b770a_1_2_png.rf.f5de50b9408bfd4eb5f0221ad57b106a.jpg, 0, 1, 1, 1
42ba34_9_9_png.rf.f2212c7fa9652e91ec8ebbb3cd069bf4.jpg, 1, 1, 1, 1
c01561_1_6_png.rf.f87b1fca881cd63c5fbc10490bb58d87.jpg, 1, 1, 1, 1
798b45_5_4_png.rf.f82cd2238aefb238b4b842e80e950aa7.jpg, 1, 0, 1, 1
40cd38_3_5_png.rf.f9aa8eadb3a3fdcc8ed1db50b15d612f.jpg, 1, 1, 1, 1
798b45_3_7_png.rf.f4e5869e803c6c1960cf2805be7a90b7.jpg, 1, 0, 1, 1
a9f16c_8_3_png.rf.fa03622eb7a1e6e9e90e0fd95dd5aed6.jpg, 1, 1, 1, 1
c01561_1_3_png.rf.fa730e5c3f715a0d55f2dd604174c8d5.jpg, 1, 1, 1, 1
2e57b9_1_8_png.rf.fa52e3cd901c923c37c9ff4cac3711b7.jpg, 1, 1, 1, 1
744b27_7_10_png.rf.f8cdf26c9e3c6b13c23e0dd44d30da9e.jpg, 1, 0, 1, 1
798b45_5_2_png.rf.f95edbf5070e57ab6fcb6602f2ebe2eb.jpg, 0, 0, 1, 1
4b770a_9_8_png.rf.f8faaffe796512041ce329a22fd1afe2.jpg, 1, 0, 1, 1
573e61_9_2_png.rf.f744cbb2703031faee0bad6713e401c2.jpg, 1, 1, 1, 1
4b770a_7_6_png.rf.fadac5cfc0cfb2e85d4a57e7e6b4c0bd.jpg, 1, 1, 1, 1
4b770a_7_5_png.rf.fa617023375075f6bd6d8d98b7e06647.jpg, 1, 1, 1, 1
744b27_5_6_png.rf.fc579557a6bdd815c0d9de082ec9d821.jpg, 1, 1, 1, 1
121364_9_1_png.rf.fcd178dd58266902ecb31a54de98abb4.jpg, 1, 1, 1, 1
538438_7_6_png.rf.fc4ca0497ac33e542946155e7293d6ae.jpg, 1, 1, 1, 1
538438_1_2_png.rf.f9611aeb669695887553e535aeace1f1.jpg, 1, 0, 1, 1
538438_1_10_png.rf.fc5e3c341ece7b95cfa8b7c22a6af083.jpg, 1, 0, 1, 1
54745b_1_8_png.rf.fd0fe754848fa5ebdc228a972edc1c74.jpg, 1, 0, 1, 1
42ba34_1_2_png.rf.ff3a7a912c61a8435350dcef42183e23.jpg, 1, 0, 1, 1
573e61_7_10_png.rf.fa3d0cfcbcd4ba223eaad76b15d7368e.jpg, 0, 0, 1, 1
798b45_1_4_png.rf.fe9bfd73f30fca2e02d3c732a88680c2.jpg, 1, 1, 1, 1
798b45_5_7_png.rf.fd18720cbd1f6ab9f5e2059346f9a736.jpg, 1, 1, 1, 1
42ba34_5_7_png.rf.fdc325fa976e483451801a2b198d3804.jpg, 1, 1, 1, 1
538438_1_3_png.rf.ffa0681ab46a5380780342069d25f63f.jpg, 1, 0, 1, 1
798b45_1_3_png.rf.fe26b2fdb8ed160ef189672f2267c2e3.jpg, 1, 1, 1, 1
cd987c_0_4_png.rf.fd2ea8a31d4e4ad76052d47890028e1e.jpg, 1, 1, 1, 1
573e61_3_8_png.rf.ffa4ca78036bcea4a35d249c837ce4ed.jpg, 1, 0, 1, 1
798b45_3_1_png.rf.fed981274e9377c1058cf563c9803bca.jpg, 1, 0, 1, 1
cd987c_9_8_png.rf.ffb8abc235b923e6444cb8f4232fee10.jpg, 0, 1, 1, 1
cd987c_0_5_png.rf.fe89c369ee80460ebdf1afa9a7fc6510.jpg, 1, 1, 1, 1
744b27_1_4_png.rf.00d1dfc4714ce9512f0e773aa66ba5aa.jpg, 1, 1, 1, 1
744b27_1_5_png.rf.020f37c2939b4c573df839ccc5e86c2d.jpg, 0, 1, 1, 1
42ba34_5_3_png.rf.0263f5ec71a5860118a929b9d1e36f1d.jpg, 1, 0, 1, 1
538438_3_10_png.rf.026d7afe09f4607dfbcc6c42c3ea85dd.jpg, 0, 1, 1, 1
744b27_9_10_png.rf.029c88452f51912ae5c91d05a2e33cfa.jpg, 0, 1, 1, 1
573e61_9_5_png.rf.02b3e6257e14aa8719224292d7dcae2d.jpg, 0, 1, 1, 1
538438_5_7_png.rf.02cbd551191df9b0c53db4699e9f26e6.jpg, 1, 1, 1, 1
744b27_1_5_png.rf.04de62f7e506f883ffb83e04752392a8.jpg, 0, 1, 1, 1
744b27_3_6_png.rf.056b71bcd2ddf85577249aaee94fd89c.jpg, 1, 1, 1, 1
744b27_5_3_png.rf.05da40e9def4c7bf631302f0ea75f7c9.jpg, 1, 1, 1, 1
a9f16c_8_1_png.rf.055cc1def23b5c3476649f4788d393cd.jpg, 1, 1, 1, 1
cd987c_0_3_png.rf.05e51f4c2fabcf8dc1acd241b07a1eaf.jpg, 1, 1, 1, 1
08fd33_0_6_png.rf.096e8671d3e6fe1a5f85585165264a5e.jpg, 1, 0, 1, 1
54745b_7_8_png.rf.08ab0e7866b3509fbdccb579a6460430.jpg, 1, 0, 1, 1
2e57b9_1_10_png.rf.0bd240455018588f104677a9ab6cea09.jpg, 1, 0, 1, 1
c01561_1_7_png.rf.09f614b029ce7f5a68fbefa217d75895.jpg, 1, 1, 1, 1
08fd33_0_2_png.rf.09a0575f09daaae149b010654d962faa.jpg, 1, 0, 1, 1
798b45_5_3_png.rf.072f37bef141fefc716433ab8004ef22.jpg, 1, 0, 1, 1
538438_5_7_png.rf.0966ed5a57867d5a3fff9e97a1f88c0f.jpg, 1, 1, 1, 1
798b45_5_7_png.rf.0ec99f514a409ffd98dbfa2396e9aeb8.jpg, 1, 1, 1, 1
54745b_3_9_png.rf.0dbc8c1e57368d167ed6aa7084949848.jpg, 0, 1, 1, 1
798b45_7_6_png.rf.0c4b4960a537f6e15b18c224bc09d289.jpg, 0, 1, 1, 1
538438_5_5_png.rf.0f0c34bba09d24e5ed32c6d8d8dcfc89.jpg, 1, 1, 1, 1
08fd33_0_5_png.rf.09e0e6efec36f14868cd268f4226f6d0.jpg, 1, 0, 1, 1
08fd33_3_10_png.rf.107361de7187ca63f9011ae590e8ed1a.jpg, 1, 1, 1, 1
42ba34_7_4_png.rf.0744e279c894c042d41a2fe7a9153e2a.jpg, 1, 1, 1, 1
573e61_3_8_png.rf.0cc75735d2003b8d5f1af786e60bf2bd.jpg, 1, 0, 1, 1
573e61_7_9_png.rf.0abe19639da8f836aa0c4ade100908ab.jpg, 0, 0, 1, 1
a9f16c_8_2_png.rf.094e35164be0ddf2ad6920c3587cc209.jpg, 1, 1, 1, 1
42ba34_5_3_png.rf.078a4b663f375285c1451ae4b4737bbc.jpg, 1, 0, 1, 1
573e61_3_10_png.rf.0708a979e308f3297bade854adab9daf.jpg, 1, 1, 1, 1
54745b_9_1_png.rf.0a764fdbe75d58327ca058c47f474ca7.jpg, 1, 1, 1, 1
a9f16c_8_2_png.rf.06455ef46b1ad50da2c0c4da4164d0a4.jpg, 1, 1, 1, 1
cd987c_0_2_png.rf.0cb4f586be9c76cde83dcc9180c89cb7.jpg, 1, 0, 1, 1
798b45_5_4_png.rf.0e9a473dc6cd1be2c2b2f808a285dede.jpg, 1, 0, 1, 1
744b27_5_3_png.rf.14346f81d8a939142a177dee0aa4f68f.jpg, 1, 1, 1, 1
573e61_5_8_png.rf.14fe5a36a10a2e08e6e755e15d9aca1c.jpg, 1, 1, 1, 1
744b27_3_10_png.rf.19b5699357d60a721635226757cbc5b6.jpg, 1, 1, 1, 1
54745b_9_7_png.rf.198092cd7ee53777b7b7022eb1b1e3d2.jpg, 1, 1, 1, 1
538438_7_10_png.rf.125942056de89ac6fe98f66079eb396d.jpg, 1, 1, 1, 1
573e61_9_3_png.rf.170e75522d5496039039198c7512c4c9.jpg, 1, 1, 1, 1
573e61_5_9_png.rf.18f3a071f36eabded0faa69edf092834.jpg, 0, 1, 1, 1
798b45_3_6_png.rf.17b907063436e820e2902b6e0ec10124.jpg, 1, 0, 1, 1
538438_7_2_png.rf.18979c1546ec90f82ccb2d3d46c142bd.jpg, 1, 1, 1, 1
798b45_5_6_png.rf.1985a6d926f161c3af0a1f22e0240b6a.jpg, 1, 0, 1, 1
42ba34_5_3_png.rf.19fa7a423a98505cefb124ad6ac33851.jpg, 1, 0, 1, 1
798b45_3_6_png.rf.1d375ed6450de073375c4d411e4ec637.jpg, 1, 0, 1, 1
08fd33_0_5_png.rf.1c61de3197cb359c4067c1911d105322.jpg, 1, 0, 1, 1
2e57b9_7_8_png.rf.183519591a453709e350678bb2f71215.jpg, 1, 0, 1, 1
538438_5_4_png.rf.1bd5cd55fdc86e74f2a26c140e7d1977.jpg, 1, 1, 1, 1
54745b_7_8_png.rf.19d123d068483a8a24703362962a66c6.jpg, 1, 0, 1, 1
538438_7_5_png.rf.1d755d5c5a6ab76e9dd9cda3c3a8f93f.jpg, 1, 0, 1, 1
744b27_7_3_png.rf.1a011c5876f7d3c17deecdd8b42ec5ad.jpg, 1, 0, 1, 1
42ba34_7_5_png.rf.170600ddca1df5764a85f958c895e7fd.jpg, 1, 1, 1, 1
08fd33_0_1_png.rf.1ca1e0a79d47e68d0242bfca9de8163d.jpg, 1, 1, 1, 1
744b27_1_1_png.rf.198a866ae194e50db7359d7a595e99ad.jpg, 1, 0, 1, 1
744b27_7_10_png.rf.1bdbca6d792f07aadc2f71afda223b53.jpg, 1, 0, 1, 1
08fd33_6_6_png.rf.0aa29711743c98b379623700a2708f28.jpg, 1, 0, 1, 1
c01561_1_10_png.rf.1d756511ca36fc044a94cbaa2a41adeb.jpg, 1, 1, 1, 1
08fd33_0_1_png.rf.15fee0064ecbc442fabe68c6406dc72e.jpg, 1, 1, 1, 1
4b770a_5_4_png.rf.1b01707442fb7f7aaa7ac4da4c2b7bf2.jpg, 1, 1, 1, 1
2e57b9_7_10_png.rf.2004b219260c07e285ce58a9f05481b6.jpg, 1, 1, 1, 1
744b27_5_4_png.rf.20016e407951cfd2079f6b21ea6e2e1f.jpg, 1, 1, 1, 1
a9f16c_2_8_png.rf.0ec661d8d8b9a01a8d191813706870b5.jpg, 1, 1, 1, 1
573e61_9_5_png.rf.1dc845b4397ef54d6027a3563ddcd5a2.jpg, 0, 1, 1, 1
08fd33_3_5_png.rf.1e0794cb7dba80a7b461ce87a768fa5b.jpg, 1, 0, 1, 1
538438_1_1_png.rf.22b10937b9d8a69ce2428fb45faedd36.jpg, 1, 0, 1, 1
08fd33_3_5_png.rf.2016739eb436d1d2783d9de699549b36.jpg, 1, 0, 1, 1
54745b_9_3_png.rf.2416b3736fdb359c791d781091be4b5b.jpg, 1, 1, 1, 1
54745b_5_9_png.rf.21cc393705f70c04568c06a647ae492e.jpg, 1, 0, 1, 1
538438_5_6_png.rf.22955fd9c4b6b3050749c6f7524fa22c.jpg, 1, 1, 1, 1
538438_7_4_png.rf.24158d36e473ddb3be6c8549ccb0f0f2.jpg, 1, 1, 1, 1
538438_3_3_png.rf.203d857f81547a3fa87aa4c5d0000193.jpg, 1, 1, 1, 1
42ba34_3_1_png.rf.226e98cb68fe9f646c339193875878cc.jpg, 1, 1, 1, 1
42ba34_3_6_png.rf.244498b45ffbe3b3634bb4c650c2a998.jpg, 1, 1, 1, 1
538438_5_1_png.rf.235a43ab1baff74ad88e0de2f7942cce.jpg, 1, 1, 1, 1
538438_5_7_png.rf.238b33ff37be40d427f7ac2a97bdbcdb.jpg, 1, 1, 1, 1
573e61_9_10_png.rf.25f853d0d7fce8c7985e41489f0f91aa.jpg, 1, 1, 1, 1
798b45_3_4_png.rf.255edb59326ce3c73de7cd53d0ac3160.jpg, 1, 1, 1, 1
40cd38_7_2_png.rf.23fee84a83cea0a768eaf1a01922398c.jpg, 1, 1, 1, 1
42ba34_5_4_png.rf.1e7857e392b2706a5338082338269da7.jpg, 1, 1, 1, 1
4b770a_9_8_png.rf.214e48363eb7687cd53c20b0d8c1ac0f.jpg, 1, 0, 1, 1
538438_5_1_png.rf.1ec66bbd50e500816f7461a09f8f32a4.jpg, 1, 1, 1, 1
121364_9_4_png.rf.22bb159c107273d66a3978fd02af4695.jpg, 1, 0, 1, 1
08fd33_6_1_png.rf.1f05f5238d8cae9c185fbe8ced94042a.jpg, 1, 0, 1, 1
42ba34_7_2_png.rf.26f14e00a7ec55bbc1c556723fad4305.jpg, 1, 1, 1, 1
744b27_7_2_png.rf.272491b64e67e0a43963804f492d8e3f.jpg, 1, 1, 1, 1
40cd38_3_6_png.rf.1e8937198c6390dbf848db14e4468cd4.jpg, 1, 0, 1, 1
2e57b9_3_9_png.rf.276d0ea0aed017e1fc83c2e0ecb01a72.jpg, 1, 1, 1, 1
42ba34_3_1_png.rf.272711cf9b141e928ee12b2da1a7da16.jpg, 1, 1, 1, 1
4b770a_5_6_png.rf.28f3f3bef06dc2faab7d8c7bd003fc13.jpg, 1, 0, 1, 1
2e57b9_7_10_png.rf.29899146d61f10d33446d85822a709c3.jpg, 1, 1, 1, 1
744b27_3_1_png.rf.29540e286d40f0fcd4b16beb145543bc.jpg, 1, 1, 1, 1
54745b_1_8_png.rf.2b7318d9d138388b376074318372613c.jpg, 1, 0, 1, 1
538438_7_10_png.rf.28f60edf7eced819259a52895a6ffa9e.jpg, 1, 1, 1, 1
08fd33_0_3_png.rf.2a794d79f06176f62c732a3c7c3c544a.jpg, 0, 1, 1, 1
a9f16c_8_2_png.rf.2d26e6d3a3657565f39fb152e86b7500.jpg, 1, 1, 1, 1
54745b_3_8_png.rf.2ad5a713ac07fabaae1b4ae3c7ba1df5.jpg, 1, 1, 1, 1
a9f16c_8_1_png.rf.28a7c1c3305078ff7510d70e0db90b8d.jpg, 1, 1, 1, 1
cd987c_9_10_png.rf.2fb05afe1b6f1caad0e2566c53f406a5.jpg, 1, 1, 1, 1
cd987c_0_2_png.rf.3015fe430b10a08c3f0b026c8427f47b.jpg, 1, 0, 1, 1
40cd38_3_4_png.rf.27b9948ea6c7083c0deec18c98b89d11.jpg, 1, 1, 1, 1
744b27_3_6_png.rf.2a7470db54aab2fd71142da94b1e74d4.jpg, 1, 1, 1, 1
538438_3_7_png.rf.2da24bc59624f67429d84d794da548ab.jpg, 0, 0, 1, 1
4b770a_1_3_png.rf.2b6fa2bc10c77fdcc8e509e92bc59fee.jpg, 1, 1, 1, 1
54745b_7_8_png.rf.2dda2673a4ff033cef2a1b0b0c01400e.jpg, 1, 0, 1, 1
538438_7_2_png.rf.2c1119622beb39b223ded8e169a1d364.jpg, 1, 1, 1, 1
744b27_5_3_png.rf.2dfea49bec7395b06437639a7e8ac90c.jpg, 1, 1, 1, 1
573e61_9_1_png.rf.30144d4d39cba01d1d3b1af026111e84.jpg, 1, 1, 1, 1
a9f16c_8_4_png.rf.2aafd5cbff8ab234fb972ae814d41458.jpg, 1, 1, 1, 1
42ba34_3_5_png.rf.2c36d39839c88e0848d993a7025075fe.jpg, 1, 1, 1, 1
42ba34_7_3_png.rf.2ba402d35d48fd11a412e59511292775.jpg, 1, 1, 1, 1
42ba34_9_8_png.rf.29997d1ee749e7577f449a60de4e9051.jpg, 0, 1, 1, 1
c01561_1_2_png.rf.303f17abf4318a9f6cb0a13b8f98e78b.jpg, 1, 1, 1, 1
42ba34_3_3_png.rf.3107468edf939b318e2c839dd43fdf29.jpg, 1, 1, 1, 1
538438_1_3_png.rf.2c147c7da133ded398bd2e073b801a3e.jpg, 1, 0, 1, 1
54745b_1_9_png.rf.30f3b76833198cdc53502531dc825adf.jpg, 1, 0, 1, 1
a9f16c_8_3_png.rf.324837923b99e0ff3ee8aa14799c2be9.jpg, 1, 1, 1, 1
42ba34_1_1_png.rf.31abab06dd2e432a9e214e5e65b1be30.jpg, 0, 0, 1, 1
798b45_7_2_png.rf.31ccef1c0902c14481f23c6118219c9e.jpg, 1, 0, 1, 1
798b45_3_7_png.rf.3279f0b0de857813420422522762ecb8.jpg, 1, 0, 1, 1
55c9d1_3_8_png.rf.3658fe6948b00a6594551f2f7df42833.jpg, 1, 1, 1, 1
2e57b9_7_8_png.rf.3277b949939a6b7f2c246f223259c9e8.jpg, 1, 0, 1, 1
538438_7_4_png.rf.31343e3fbf978bac313c3a56356fce33.jpg, 1, 1, 1, 1
798b45_1_6_png.rf.33e77901f519eab54542a05af9ec002a.jpg, 1, 1, 1, 1
744b27_5_2_png.rf.33bd4c1396f851696071aaf944175ccf.jpg, 1, 1, 1, 1
798b45_5_1_png.rf.33481c67a8cc5e708063f9edbc4b77bc.jpg, 0, 0, 1, 1
538438_3_1_png.rf.33a8c9255b9880fcd694e8fd49fc7092.jpg, 1, 1, 1, 1
40cd38_7_2_png.rf.325fd8b5c90c4ea66bbb6d71a4e097d3.jpg, 1, 1, 1, 1
40cd38_3_4_png.rf.372edf4403bd0d51b31beb9eab67bbdc.jpg, 1, 1, 1, 1
744b27_7_2_png.rf.36670306449fa9a6412e438ea92fabd8.jpg, 1, 1, 1, 1
c01561_1_2_png.rf.34b7f17661686c6ae2643eda843482ef.jpg, 1, 1, 1, 1
54745b_7_9_png.rf.37cd9e3a0b791bbbd83e3c7794ceeefa.jpg, 1, 1, 1, 1
573e61_9_4_png.rf.3309bb603761561a4ac4b45ad4905f8d.jpg, 1, 1, 1, 0
4b770a_1_3_png.rf.3358762b78939eee0a740cc2fd203273.jpg, 1, 1, 1, 1
54745b_3_9_png.rf.3546aae26a8398e080c404b3d57c4318.jpg, 0, 1, 1, 1
744b27_3_2_png.rf.385e285b196abbd8e1f3cfad3f7efd1f.jpg, 1, 1, 1, 1
4b770a_3_2_png.rf.37b266bbb45296e97036f240878824e2.jpg, 0, 0, 1, 1
744b27_5_6_png.rf.36cd72b05c05e6105a81dee0c4d94fc4.jpg, 1, 1, 1, 1
4b770a_5_6_png.rf.36468591d41aa46469111615b7eec8c6.jpg, 1, 0, 1, 1
4b770a_1_5_png.rf.3952f7ea1dc6d8a7fba329f37967d742.jpg, 1, 0, 1, 1
a9f16c_5_8_png.rf.3400afcd318cf4f3e9a27dca5b50cca9.jpg, 0, 1, 1, 1
798b45_5_4_png.rf.32bbee32eef2242fa9701b331fcc34fc.jpg, 1, 0, 1, 1
4b770a_1_2_png.rf.39a19d2b766399ab99cb50fe282e2c85.jpg, 0, 1, 1, 1
54745b_1_9_png.rf.395edbf209e95c4cf2fa40d3098f196e.jpg, 1, 0, 1, 1
42ba34_5_4_png.rf.3c5b9e68827e8f854b7fee2e93a30534.jpg, 1, 1, 1, 1
08fd33_6_6_png.rf.3aa363fa37e32f6beb5d261002bfaee3.jpg, 1, 0, 1, 1
798b45_5_1_png.rf.3a97422350e25d0b4fd5ce5cc036426b.jpg, 0, 0, 1, 1
798b45_7_3_png.rf.3bc218b7996402acb54e4198d96b3b68.jpg, 0, 0, 1, 1
08fd33_0_4_png.rf.3aa9c2c981bad5a5e5559ae284da8bd7.jpg, 1, 0, 1, 1
538438_1_10_png.rf.394f8e55b797bda34d8c5600bc236474.jpg, 1, 0, 1, 1
744b27_3_3_png.rf.3d3ecf015fd2e9ae94a0d28d1db00507.jpg, 0, 1, 1, 1
573e61_9_4_png.rf.3d28a8497791959d4ef54c801466a5c8.jpg, 1, 1, 1, 0
4b770a_5_6_png.rf.3cbab7c22c3372639438127b124b253d.jpg, 1, 0, 1, 1
798b45_7_7_png.rf.3e28685ccc61432403e450dd99214ee5.jpg, 1, 1, 1, 1
2e57b9_1_9_png.rf.40b6977b44d4c062ca088fa749b63f0e.jpg, 1, 1, 1, 1
40cd38_3_5_png.rf.40b1ce81628d0e73dbea1ff189fbf0be.jpg, 1, 1, 1, 1
08fd33_6_5_png.rf.46e342159aa61aadd5a8089a495a12b8.jpg, 1, 0, 1, 1
a9f16c_5_8_png.rf.3e97d0e0b5a0e142d97e755625b69f58.jpg, 0, 1, 1, 1
4b770a_3_2_png.rf.494474c95db58f028f83ea8e27ae72b3.jpg, 0, 0, 1, 1
a9f16c_8_4_png.rf.41667a737e0c7cf07a8e51cc33840f85.jpg, 1, 1, 1, 1
4b770a_3_3_png.rf.3f0d8402198317ec204ccaafba1fe835.jpg, 1, 0, 1, 1
573e61_9_1_png.rf.494c2ac78f89d9c0272f3dc6f50f869e.jpg, 1, 1, 1, 1
a9f16c_8_5_png.rf.4c72351ee64b955c023c933fc413cb6f.jpg, 1, 1, 1, 1
744b27_5_1_png.rf.3fdba70aa851414e718f483bfbac5121.jpg, 1, 1, 1, 1
4b770a_5_4_png.rf.49e26415bc228d79f6df707b2ed24aff.jpg, 1, 1, 1, 1
42ba34_1_6_png.rf.40138f37fca2be70add989e6394d1085.jpg, 1, 1, 1, 1
538438_7_5_png.rf.4d305d2970f829e9fbc20782fa2e80bb.jpg, 1, 0, 1, 1
798b45_3_2_png.rf.4c5d934e7845e78dccc5c5fc4cb5b929.jpg, 1, 0, 1, 1
744b27_5_4_png.rf.4d34e579aeb60fdf7493d4b8467c732b.jpg, 1, 1, 1, 1
40cd38_3_6_png.rf.3f068f0cdc9ded057b149cfe78a0a725.jpg, 1, 0, 1, 1
54745b_5_8_png.rf.4b252f46004216ff48012d44399dabd1.jpg, 1, 1, 1, 1
538438_1_10_png.rf.48b5b97a80c76371d31570b135aaae63.jpg, 1, 0, 1, 1
40cd38_7_1_png.rf.4db1870791823e1eee1294c202b26df2.jpg, 1, 1, 1, 1
573e61_9_1_png.rf.4da7d5d72a983134b93bc75b89a90308.jpg, 1, 1, 1, 1
cd987c_0_4_png.rf.3e8312f26a25cc7d65493babe7a21046.jpg, 1, 1, 1, 1
573e61_5_9_png.rf.4e33600d787b37dae4bf9f2a5f1b484e.jpg, 0, 1, 1, 1
cd987c_9_9_png.rf.4c1ebafa9770cbe5b2bc502b6411a667.jpg, 1, 1, 1, 1
2e57b9_1_9_png.rf.4ddf27c8067f98fd10da07374f376097.jpg, 1, 1, 1, 1
121364_7_8_png.rf.4d3c76536eb5c65a7722e74b0f9857bb.jpg, 1, 1, 1, 1
798b45_5_2_png.rf.4f070ccb225048c222f4e86e8302bd1d.jpg, 0, 0, 1, 1
4b770a_3_2_png.rf.4619f2604698dc6030f89990a91e63cb.jpg, 0, 0, 1, 1
744b27_5_6_png.rf.505c5e790b984639b5e076e44cafb862.jpg, 1, 1, 1, 1
798b45_9_9_png.rf.4e947278ec21edd965ad43ee25ce6272.jpg, 0, 1, 1, 1
42ba34_1_2_png.rf.505d3b6da032ea47d0f34e9c6a574d33.jpg, 1, 0, 1, 1
08fd33_0_5_png.rf.4f426433e81bd281d1c401ac149779b9.jpg, 1, 0, 1, 1
a9f16c_8_3_png.rf.508c81d6e1f1906b5483bf7699dc23eb.jpg, 1, 1, 1, 1
538438_5_5_png.rf.53006fe24bbe84f45723a922a9eed913.jpg, 1, 1, 1, 1
538438_5_1_png.rf.511dcbb92496f38357db9017e358d58d.jpg, 1, 1, 1, 1
42ba34_5_6_png.rf.4df77c27618bc02cadce6bb4dec6af70.jpg, 0, 1, 1, 1
573e61_9_10_png.rf.52f08e1f1394271556e8b9bb617ffa74.jpg, 1, 1, 1, 1
798b45_3_5_png.rf.52866d24e755906de128a9d182d3e4b0.jpg, 1, 1, 1, 1
40cd38_3_6_png.rf.50943ba2b6f4d01d1f41790e60b20673.jpg, 1, 0, 1, 1
573e61_1_8_png.rf.5579299e1d127d155c6c87bb7fd6dcec.jpg, 1, 0, 1, 1
08fd33_6_3_png.rf.5339313b376809f0e960099b7193efb0.jpg, 0, 0, 1, 1
573e61_7_8_png.rf.499183de3f30b932ebc318b002004f88.jpg, 1, 1, 1, 1
42ba34_3_6_png.rf.52c3904105b3c2d9fe3328b5d901672c.jpg, 1, 1, 1, 1
c01561_1_6_png.rf.557b25a6bf91ddd0ffd0d00670c5f93d.jpg, 1, 1, 1, 1
08fd33_3_2_png.rf.4f1ce0a480cd5fbe07a4e89a61de67f9.jpg, 1, 0, 1, 1
08fd33_6_3_png.rf.51732ba2d9405cf51362f372aafa19a6.jpg, 0, 0, 1, 1
c01561_1_5_png.rf.54a1962fdde51b2725b47f314083f4d4.jpg, 1, 1, 1, 1
cd987c_9_9_png.rf.557878baa7c60c6f859764b956884f27.jpg, 1, 1, 1, 1
744b27_5_5_png.rf.5144b2e2241dd7659345e51ca3399aba.jpg, 1, 1, 1, 1
744b27_5_7_png.rf.54392128c2bbf352447888b32b67f069.jpg, 1, 1, 1, 1
08fd33_0_3_png.rf.5703024a6a1dde22ea6305caf1835432.jpg, 0, 1, 1, 1
798b45_5_6_png.rf.5a1fc3c552b311facd42fe392d2eb54e.jpg, 1, 0, 1, 1
54745b_3_9_png.rf.55fb3ef1295d8d2b8fd9ab52b4de5260.jpg, 0, 1, 1, 1
573e61_3_10_png.rf.583be1e51f70b3166c71701bef147d06.jpg, 1, 1, 1, 1
c01561_1_3_png.rf.57eb04032747bb1a830bf94cfaa6292b.jpg, 1, 1, 1, 1
4b770a_1_1_png.rf.5761a279fff08f491191b241f1c9fafe.jpg, 1, 1, 1, 1
573e61_9_7_png.rf.5a91806d7404662c35837f97639d1c47.jpg, 1, 1, 1, 1
573e61_9_2_png.rf.5bc649e8b9d5cd3935fb86c098f52fb6.jpg, 1, 1, 1, 1
42ba34_9_8_png.rf.5cfac4298f3cf37fff9f70c5732b9533.jpg, 0, 1, 1, 1
42ba34_7_7_png.rf.5a58214064b57034be7e779c0f448784.jpg, 0, 1, 1, 1
40cd38_3_3_png.rf.5b8b26578335067cc44d10d066cea7a5.jpg, 1, 0, 1, 1
798b45_5_6_png.rf.5bdf56daf3363d4b805d445707df0236.jpg, 1, 0, 1, 1
42ba34_9_8_png.rf.5d2788fcbf96e8b5a9a19873d2efd51e.jpg, 0, 1, 1, 1
2e57b9_3_9_png.rf.5c12f6759d5e1f1d57be5342be6f45b0.jpg, 1, 1, 1, 1
4b770a_9_9_png.rf.5eb1a255f6cada58ecd452d104c54607.jpg, 0, 1, 1, 1
538438_9_9_png.rf.60538ecbf8055819500c66b8cec99098.jpg, 1, 1, 1, 1
538438_9_10_png.rf.5f3f1645b0c0ded242070b2890f951af.jpg, 1, 0, 1, 1
54745b_1_8_png.rf.5f72f415dfc17291a5a253fae7bf6114.jpg, 1, 0, 1, 1
42ba34_5_6_png.rf.61ed51746b464dfe6429bce5dbd287c1.jpg, 0, 1, 1, 1
573e61_5_9_png.rf.60dee5343dbbae569a48a93cdeebf81f.jpg, 0, 1, 1, 1
a9f16c_5_9_png.rf.6478b9e50bcc1d06ae139bddffc4065a.jpg, 1, 1, 1, 1
42ba34_1_6_png.rf.62f6b27513b5d6b4a52135e201326b3c.jpg, 1, 1, 1, 1
573e61_3_9_png.rf.5d9288cfa9bb26f7a786e0bf938da0f2.jpg, 1, 1, 1, 1
08fd33_0_3_png.rf.5dbf3adcb83605593f56252d4373c4f0.jpg, 0, 1, 1, 1
42ba34_5_4_png.rf.5a30f0210fe9398fda06f2ce5b6f1d03.jpg, 1, 1, 1, 1
798b45_7_1_png.rf.613f189eb83a48fc8ab81d16581ef1c5.jpg, 1, 0, 1, 1
54745b_9_7_png.rf.652d400138c8d6a4f2fd95ab765a1c9c.jpg, 1, 1, 1, 1
798b45_1_4_png.rf.5ff4f75fcea3f671baa5069ed6c23d2a.jpg, 1, 1, 1, 1
744b27_3_2_png.rf.5e5a68dfe9c0768800c4240d2326006e.jpg, 1, 1, 1, 1
cd987c_9_9_png.rf.64a4481cdad6a49c66e47e1c4ede8b8e.jpg, 1, 1, 1, 1
538438_1_2_png.rf.656ec448c810a3e5db815646a6aaed5a.jpg, 1, 0, 1, 1
538438_7_6_png.rf.5e75b49b7bbbdcddf3c56cefffa9c4a9.jpg, 1, 1, 1, 1
538438_7_2_png.rf.629589a2cf7f307e8ac37eff3e9ef4f0.jpg, 1, 1, 1, 1
4b770a_7_5_png.rf.65c892781cc53cd8108c03a4212c3f15.jpg, 1, 1, 1, 1
744b27_7_3_png.rf.65d74ebee88cc4520fcb43f9e5271d49.jpg, 1, 0, 1, 1
538438_3_7_png.rf.68c57b857ba51740032f0963146b9f28.jpg, 0, 0, 1, 1
744b27_1_1_png.rf.68ec4b5f0474b08f89b84eb4261d695c.jpg, 1, 0, 1, 1
54745b_3_8_png.rf.69c381414853642d08950eeaddd8b2a4.jpg, 1, 1, 1, 1
798b45_1_6_png.rf.6abf086cabbcd011559e1043acc10a3f.jpg, 1, 1, 1, 1
538438_3_2_png.rf.6b2b678e5fb40ad73905255285a25d5d.jpg, 1, 1, 1, 1
744b27_5_2_png.rf.6aab718055b694a0bfb06326e6d2ae5c.jpg, 1, 1, 1, 1
cd987c_0_3_png.rf.69742fb30c1e84cb5df799cd5353a97a.jpg, 1, 1, 1, 1
08fd33_6_4_png.rf.6a7cb77342102651cc85b0578c0465a2.jpg, 1, 0, 1, 1
798b45_7_7_png.rf.683661e5b69eb53a6fa287222687890a.jpg, 1, 1, 1, 1
cd987c_9_10_png.rf.6c14c8cbee021e20c487237de443a32b.jpg, 1, 1, 1, 1
121364_7_8_png.rf.6a7d4bc30bd5acc5195c3779a94f3228.jpg, 1, 1, 1, 1
cd987c_9_10_png.rf.6c2ad5f205edfb5bbc3452e1bc14729b.jpg, 1, 1, 1, 1
798b45_3_1_png.rf.6cf047124f722dd65ca24fd06eed5231.jpg, 1, 0, 1, 1
2e57b9_1_9_png.rf.6bffbbe81c9ef9d01613cfc50f9e600e.jpg, 1, 1, 1, 1
798b45_1_3_png.rf.6d5ddff4afb84305c69d2e3ea1d5b228.jpg, 1, 1, 1, 1
4b770a_7_5_png.rf.6de4736efb24ae97222a0a6e428e0079.jpg, 1, 1, 1, 1
573e61_1_8_png.rf.6da26a44797bcdcca9d9057b6cdb981c.jpg, 1, 0, 1, 1
cd987c_0_2_png.rf.6e5034f2fba18d9a5d1b5e8a964ac97f.jpg, 1, 0, 1, 1
c01561_1_10_png.rf.6f1baf2d1d8e3767e2e0bbd3dd327127.jpg, 1, 1, 1, 1
573e61_9_4_png.rf.6ebcfcc5fd9c6dc3a64db33332133c4a.jpg, 1, 1, 1, 0
42ba34_5_2_png.rf.6910e168e6187b55156a1b0f5044aa6a.jpg, 1, 0, 1, 1
54745b_7_9_png.rf.6d9a0f76e493e34579576a60f475582e.jpg, 1, 1, 1, 1
08fd33_6_7_png.rf.6d0c7f4fdd1ffc9d1d5b2bbfa69a65e1.jpg, 1, 1, 1, 1
08fd33_0_2_png.rf.6f4b5fe284a2cd13b17e5abf08907af2.jpg, 1, 0, 1, 1
4b770a_5_7_png.rf.6f6161a1f98d4f839cc286064baf63b5.jpg, 1, 1, 1, 1
744b27_3_5_png.rf.7177779dd8a6e8f823e93b498a2f55bd.jpg, 0, 1, 1, 1
08fd33_6_2_png.rf.7218277c9f313c22dd2d014e2f5d0cc3.jpg, 1, 0, 1, 1
4b770a_9_9_png.rf.720764e76f0419c5cf2a541e627dbe3a.jpg, 0, 1, 1, 1
08fd33_0_2_png.rf.701a9d6ec9d6188401d09172f0a47211.jpg, 1, 0, 1, 1
538438_3_10_png.rf.726067735d00e334d13e31ee828ed299.jpg, 0, 1, 1, 1
538438_5_5_png.rf.73461cc7308bd581193b63b2221f49d6.jpg, 1, 1, 1, 1
744b27_3_3_png.rf.730f04ca0c8bd35dd75a3832fbeb438d.jpg, 0, 1, 1, 1
121364_9_4_png.rf.6f94ef4e5c5934a6d1b12c7461d3bbf3.jpg, 1, 0, 1, 1
573e61_9_10_png.rf.73534cf9ea6b429c251d45450a4266da.jpg, 1, 1, 1, 1
54745b_9_1_png.rf.72a2feb47871e72e50fe691a06fa4011.jpg, 1, 1, 1, 1
4b770a_1_1_png.rf.777c739c65b88c5543566c59cd3703f7.jpg, 1, 1, 1, 1
4b770a_9_8_png.rf.76865106b37a39ceb787dc2dca0216f4.jpg, 1, 0, 1, 1
4b770a_7_4_png.rf.755487afafd1be6ec23226fba16874f1.jpg, 1, 0, 1, 1
4b770a_7_2_png.rf.73b3fa14d0db77e0fde1fbf61dfc1a04.jpg, 1, 1, 1, 1
54745b_5_8_png.rf.71e61ad65ce46db081272deb5321b24a.jpg, 1, 1, 1, 1
744b27_3_2_png.rf.732528c6c763dc262be638cee76a358a.jpg, 1, 1, 1, 1
538438_1_2_png.rf.768dece1b033fc0ef5b1db4366136179.jpg, 1, 0, 1, 1
121364_9_4_png.rf.78058fd48059a52b823522f58901ea07.jpg, 1, 0, 1, 1
744b27_5_2_png.rf.6ffdcb737aa3f0764e80e4bd268bcff8.jpg, 1, 1, 1, 1
08fd33_0_4_png.rf.74dd4d74c09cce9eed966b6bd90c06b5.jpg, 1, 0, 1, 1
42ba34_7_7_png.rf.7733f127caf23ff1bf92a82038f04655.jpg, 0, 1, 1, 1
573e61_3_10_png.rf.7603b5563e252a8c5e2357e6e960e1d2.jpg, 1, 1, 1, 1
42ba34_5_7_png.rf.7459db97ab7869f90648f659e07b7f5d.jpg, 1, 1, 1, 1
08fd33_6_1_png.rf.7bd6c1b511a1f2f1b45dcf484e13679c.jpg, 1, 0, 1, 1
42ba34_3_3_png.rf.7f2155842c5a5b79327f095161af0083.jpg, 1, 1, 1, 1
42ba34_5_1_png.rf.790e41b3e5e7d38ed117b958a236972f.jpg, 0, 0, 1, 1
538438_7_4_png.rf.7fdc4d75c726f86cb1f3c7435a3fcab0.jpg, 1, 1, 1, 1
2e57b9_3_9_png.rf.80633685f79e3232dc44c395e16dfdd3.jpg, 1, 1, 1, 1
55c9d1_3_9_png.rf.7e2152be7bf30f2fc9d4a317feb31215.jpg, 1, 1, 1, 1
573e61_7_9_png.rf.7ef7dd4ddfaa4459d21d60e24dab3249.jpg, 0, 0, 1, 1
538438_7_3_png.rf.7adb149d791bcdb0963e8d7567345a56.jpg, 1, 1, 1, 1
2e57b9_9_7_png.rf.7a62e6ed4d1b582cef83b7fd19265a60.jpg, 1, 1, 1, 1
538438_3_3_png.rf.8017bbc99522f6cc7882258bd09d4915.jpg, 1, 1, 1, 1
a9f16c_5_9_png.rf.78deab48f31b5ddbffa53910f3c0c109.jpg, 1, 1, 1, 1
4b770a_5_7_png.rf.842a809d7e37c170f0dd7bf579296510.jpg, 1, 1, 1, 1
744b27_1_3_png.rf.7a174a9c5a55a5793cd7c0f5c36e1911.jpg, 1, 1, 1, 1
a9f16c_2_8_png.rf.84584202ffb4a15fd3f92c9d21a3db2c.jpg, 1, 1, 1, 1
54745b_9_1_png.rf.802cb55eeb5d27430374db40bed0664a.jpg, 1, 1, 1, 1
4b770a_3_3_png.rf.80648b3b1c9256eaf39bbe4bbb9cff4b.jpg, 1, 0, 1, 1
798b45_1_3_png.rf.80bf528e5e81844dccba8e75a655da8c.jpg, 1, 1, 1, 1
42ba34_3_7_png.rf.84bd52c477fef526086eebfbf2250a64.jpg, 1, 1, 1, 1
42ba34_1_6_png.rf.7e4d30e01a6985c0ed5ca2f00415520d.jpg, 1, 1, 1, 1
798b45_3_6_png.rf.7d1e9b3362c04541dce8b84d01424054.jpg, 1, 0, 1, 1
744b27_1_4_png.rf.812dc7cf565f6d6886d4b9a17011fa7e.jpg, 1, 1, 1, 1
538438_3_1_png.rf.82226758bf5f48d6cc96073740cb70fe.jpg, 1, 1, 1, 1
798b45_5_5_png.rf.7d3fac80490e114734b983f9104dba45.jpg, 0, 0, 1, 1
42ba34_7_6_png.rf.848086e2441f5169d2f0e3fda4c9303a.jpg, 1, 1, 1, 1
54745b_5_8_png.rf.84e63b8591db00db3b6dfe861a2c0bd9.jpg, 1, 1, 1, 1
744b27_5_10_png.rf.861800477f821feb0fd5d08fd290ddd4.jpg, 1, 0, 1, 1
573e61_9_3_png.rf.8826b5a479b20dc8daa9c95f08020b2d.jpg, 1, 1, 1, 1
54745b_7_9_png.rf.874d16b446bb80845d668ad4a9a99b00.jpg, 1, 1, 1, 1
08fd33_0_1_png.rf.894b42ba8e7552e06976b45ed6cb9f31.jpg, 1, 1, 1, 1
2e57b9_1_10_png.rf.851f9fbbabe9c8d34ac1dce41676c324.jpg, 1, 0, 1, 1
42ba34_5_7_png.rf.8683ee4993b2de9ea510fc069ec692be.jpg, 1, 1, 1, 1
cd987c_0_1_png.rf.86fa4a06126aceed101f3dc8575602ee.jpg, 1, 0, 1, 1
744b27_5_10_png.rf.854bdd338075560881255081176ceb18.jpg, 1, 0, 1, 1
08fd33_9_9_png.rf.8783dc9a9b7eb0332300d86c67d9cfd2.jpg, 1, 0, 1, 1
798b45_5_1_png.rf.8e668c43ec3c82f779ac9f617bb8966f.jpg, 0, 0, 1, 1
121364_9_1_png.rf.9154c95d522b2fcfb1a2f06380ad9196.jpg, 1, 1, 1, 1
744b27_9_10_png.rf.8a27b40731f12149a5cf4d319d36d6ce.jpg, 0, 1, 1, 1
538438_5_6_png.rf.89ef7e0b22bd73c72e40ad6fd4b99bb8.jpg, 1, 1, 1, 1
4b770a_9_9_png.rf.8685f86bd1f6e7599e670be664c4965d.jpg, 0, 1, 1, 1
573e61_9_2_png.rf.91821bd2f26a354563192662af9efcec.jpg, 1, 1, 1, 1
744b27_1_4_png.rf.8b66a0651247983eb10598e3ff3d8326.jpg, 1, 1, 1, 1
c01561_1_10_png.rf.87d59882256bf8a44507bf6a8fd59944.jpg, 1, 1, 1, 1
798b45_1_5_png.rf.8e6a9f389760d1306896e9e638e60a37.jpg, 1, 1, 1, 1
573e61_3_9_png.rf.90be1b0af209ec4283ebcfc07624003f.jpg, 1, 1, 1, 1
744b27_5_7_png.rf.8c3bad37bbe3c1657b440ab3e8bfb7cb.jpg, 1, 1, 1, 1
744b27_5_1_png.rf.91c9243585edd4a7b93c4624dc5cc171.jpg, 1, 1, 1, 1
744b27_3_5_png.rf.91cd0cea6f7886e1d6a1a1ed33fb14b8.jpg, 0, 1, 1, 1
08fd33_6_5_png.rf.8c59a8993bafd60c0321d91d9a879746.jpg, 1, 0, 1, 1
744b27_3_5_png.rf.898c79583f7fd30eecca429eee971ae9.jpg, 0, 1, 1, 1
798b45_1_4_png.rf.8424762b80f6404301e59a07a17ab290.jpg, 1, 1, 1, 1
798b45_9_9_png.rf.93054092a0a3788a9d34f671d80ccdb9.jpg, 0, 1, 1, 1
42ba34_5_6_png.rf.94f103132d276316d8b85293e33487bc.jpg, 0, 1, 1, 1
2e57b9_7_10_png.rf.942a2d402710bbae239a4a30939b0446.jpg, 1, 1, 1, 1
744b27_3_1_png.rf.95f59b22f83f01ccbd792d4e4aa90b1c.jpg, 1, 1, 1, 1
538438_1_1_png.rf.953d5d1157a9793a6b408f78fdcf2502.jpg, 1, 0, 1, 1
538438_3_3_png.rf.940505bbdf7fcb754fa74a27529c9ea6.jpg, 1, 1, 1, 1
538438_9_9_png.rf.96b3fff01a1b586d36153e07bff50111.jpg, 1, 1, 1, 1
744b27_3_4_png.rf.95673997a5d238312239471c56682c4a.jpg, 0, 1, 1, 1
744b27_1_1_png.rf.9433d6508bf924072d9a0c30e1f7324f.jpg, 1, 0, 1, 1
40cd38_7_3_png.rf.96edf81e1b5ab457ec78f8c458aa2e95.jpg, 1, 1, 1, 1
08fd33_6_2_png.rf.97d1bebd75b1039febdd927f51bfbbd1.jpg, 1, 0, 1, 1
4b770a_5_7_png.rf.96e9ff18f539e3fa25933f00b66017e5.jpg, 1, 1, 1, 1
798b45_3_5_png.rf.958b1808a0664b82c3b30c0f141591f8.jpg, 1, 1, 1, 1
08fd33_0_7_png.rf.977db5b7640020c1b822bed42e87b09f.jpg, 1, 0, 1, 1
40cd38_3_7_png.rf.9366a5f532895166aa4dd686763d1941.jpg, 1, 0, 1, 1
08fd33_0_7_png.rf.954225521963026cb45f931dc3af6a33.jpg, 1, 0, 1, 1
42ba34_9_9_png.rf.9aeac5259d259b962772447ff4848c46.jpg, 1, 1, 1, 1
55c9d1_3_9_png.rf.99f74cc0f1d516c56c9013fd1a183ebc.jpg, 1, 1, 1, 1
573e61_7_10_png.rf.9af7c78b27ac147293eb361ade44dda8.jpg, 0, 0, 1, 1
4b770a_7_4_png.rf.9833f1228e785e024d2db60f89d41f32.jpg, 1, 0, 1, 1
538438_3_1_png.rf.98e5556930a9b1906dc63eff59ef3134.jpg, 1, 1, 1, 1
4b770a_5_4_png.rf.97ec9ca884bfacab6a4a499568322ab3.jpg, 1, 1, 1, 1
538438_7_3_png.rf.97f33e06a3c91032400fe5ea9b70dd0f.jpg, 1, 1, 1, 1
42ba34_3_7_png.rf.9bf2f61889e7c43be3c66df787759cba.jpg, 1, 1, 1, 1
c01561_1_2_png.rf.9cd19faf0fc2195b8532e3731655592b.jpg, 1, 1, 1, 1
55c9d1_3_8_png.rf.9c793854cdef2303daa33ac4ad8e1b96.jpg, 1, 1, 1, 1
42ba34_3_5_png.rf.9c3d95837c08f7ee6b94ec5dc244a94f.jpg, 1, 1, 1, 1
798b45_3_5_png.rf.9ce22cfca039bc40511712efceff2fc6.jpg, 1, 1, 1, 1
744b27_5_7_png.rf.9cfc6f4d4ecfcb8063811d9242071167.jpg, 1, 1, 1, 1
573e61_3_9_png.rf.9d256be479234a9cf25cd86a67fb30b2.jpg, 1, 1, 1, 1
2e57b9_1_10_png.rf.9e25b83d67ccf309c89a7c5330be00e2.jpg, 1, 0, 1, 1
42ba34_1_7_png.rf.9d1408fcc1e18471c9c7c730921d8f15.jpg, 1, 1, 1, 1
538438_7_3_png.rf.9f25835533a61559749ced615dd61b9c.jpg, 1, 1, 1, 1
42ba34_7_2_png.rf.a26cdf094acd5f2e6a94168c001382c6.jpg, 1, 1, 1, 1
538438_3_7_png.rf.9f22a182cfcc62518de7a535f87e2c40.jpg, 0, 0, 1, 1
54745b_9_7_png.rf.a0335f75be5e2738279deaa015a0dcfe.jpg, 1, 1, 1, 1
744b27_5_10_png.rf.a3f69e12156c93817294e095102667b3.jpg, 1, 0, 1, 1
798b45_5_3_png.rf.a41a4e8f0290e933ad75bd3ca4f3be1d.jpg, 1, 0, 1, 1
744b27_1_2_png.rf.a3075b03e096c229a5ab46d5ccc2ade9.jpg, 1, 0, 1, 1
42ba34_5_2_png.rf.a58214a05c203bd30cf44c8ace034454.jpg, 1, 0, 1, 1
121364_9_7_png.rf.a086d0940db4d054b97cc475e4f49518.jpg, 1, 1, 1, 1
4b770a_1_5_png.rf.a16cca1d073e2479637dd1849d0be3c2.jpg, 1, 0, 1, 1
c01561_1_6_png.rf.a75cf5775dda0330675cc283b1e7d597.jpg, 1, 1, 1, 1
573e61_9_3_png.rf.a85671f48d35bbf60133d5cef960ea20.jpg, 1, 1, 1, 1
42ba34_5_1_png.rf.a2e24718201db0aeb1d9eb5df3c71aa2.jpg, 0, 0, 1, 1
a9f16c_8_4_png.rf.a031dd773f81ed3cf696b5ba630b5ca8.jpg, 1, 1, 1, 1
08fd33_0_6_png.rf.a4ef634e317c2c5ae4bf76bb7b8f8714.jpg, 1, 0, 1, 1
573e61_9_7_png.rf.a92ce028a411704b63b0c86b4a6bffe9.jpg, 1, 1, 1, 1
42ba34_1_7_png.rf.a9bce9b5d54082a21b1b7a34b3c07cfd.jpg, 1, 1, 1, 1
744b27_3_10_png.rf.a2c57eddf229b975c3c51f1d99f01605.jpg, 1, 1, 1, 1
798b45_7_6_png.rf.98c89f4d34193117f46f9f42c98def7a.jpg, 0, 1, 1, 1
4b770a_3_3_png.rf.a1a40603667e05da4675c1fe9cbed051.jpg, 1, 0, 1, 1
744b27_3_6_png.rf.a339390ea5fba9f06f2eb57fc5159cd5.jpg, 1, 1, 1, 1
121364_9_5_png.rf.ab61d89349d7f6e309e2545c3a4fc950.jpg, 1, 0, 1, 1
538438_3_10_png.rf.a996f3d8cb1339ee785625e28c2a05af.jpg, 0, 1, 1, 1
2e57b9_1_8_png.rf.abd7f2df70d4bf0ab5e307b0f1c3d75b.jpg, 1, 1, 1, 1
798b45_3_4_png.rf.ab2dbeb7ec7c5e5a680f260c5b7b4bb4.jpg, 1, 1, 1, 1
42ba34_7_7_png.rf.a956e632e11dcf7a686c940516f32a24.jpg, 0, 1, 1, 1
08fd33_3_5_png.rf.a9f346950e9c46a470bd5099048f4da8.jpg, 1, 0, 1, 1
4b770a_7_6_png.rf.aee3fc35b31918c288a475cc0abfd220.jpg, 1, 1, 1, 1
121364_9_5_png.rf.ac64b2f34de8deb447a4720f4014f4a6.jpg, 1, 0, 1, 1
c01561_1_4_png.rf.ad5f8960608cf8219fc4dfd1396fae29.jpg, 1, 1, 1, 1
08fd33_6_1_png.rf.ae3380eb71d8522492c9095ada015da9.jpg, 1, 0, 1, 1
744b27_3_10_png.rf.aad4da3425d2583d8d171c502cb24794.jpg, 1, 1, 1, 1
55c9d1_3_9_png.rf.ae6aef7193ea0f6eb518ad1179acbc8e.jpg, 1, 1, 1, 1
538438_7_5_png.rf.aa1801b373dfd79c70a25c41b6484a74.jpg, 1, 0, 1, 1
744b27_5_5_png.rf.aef9a975516ffb0eb833460696adc19c.jpg, 1, 1, 1, 1
744b27_7_2_png.rf.a11bea85f60a8c881adfde04c19efd7c.jpg, 1, 1, 1, 1
55c9d1_3_8_png.rf.aeed47e6457e2ba9d42280cc6bdbdbea.jpg, 1, 1, 1, 1
538438_9_10_png.rf.af1c0e5cdd8d65d99ec12f51c4bd14b9.jpg, 1, 0, 1, 1
798b45_1_5_png.rf.ae5f74641c410759a255080113bb801b.jpg, 1, 1, 1, 1
4b770a_1_3_png.rf.adaa9e781ed51432c4e0ebf7123f9e30.jpg, 1, 1, 1, 1
08fd33_6_7_png.rf.af22b5959a4ae1a1df7eea14a844b176.jpg, 1, 1, 1, 1
798b45_5_7_png.rf.b0029cd5b9966271747f5a9d586d1226.jpg, 1, 1, 1, 1
573e61_7_8_png.rf.ad213cc8b6b4f7394eeb6d43b993c26f.jpg, 1, 1, 1, 1
cd987c_0_4_png.rf.b15268ca785c0bef1b095c767223e284.jpg, 1, 1, 1, 1
42ba34_1_1_png.rf.b172c0ffce58453df63b1ade710843af.jpg, 0, 0, 1, 1
538438_1_3_png.rf.b2b9eaa2c3a903f9ea821afe7b4cea29.jpg, 1, 0, 1, 1
573e61_9_5_png.rf.b246579229bcdc444f3fc25a7f93eb5f.jpg, 0, 1, 1, 1
798b45_9_9_png.rf.b4090d4c0a0caf920dcc6315e1e77db7.jpg, 0, 1, 1, 1
538438_7_7_png.rf.b1a34e60f961ac15f1d64a352e3f2bb8.jpg, 1, 0, 1, 1
cd987c_0_1_png.rf.b3912fd29366feb0b8d4878f1f0d2eb2.jpg, 1, 0, 1, 1
a9f16c_8_1_png.rf.b38340f30a215ee188ec8cf6da31e712.jpg, 1, 1, 1, 1
42ba34_7_6_png.rf.b2cfc216cc7f701c27551f865b89dbca.jpg, 1, 1, 1, 1
798b45_7_2_png.rf.b4b24c8891bbbf5e99a8c55e50eb7b9e.jpg, 1, 0, 1, 1
4b770a_7_2_png.rf.b3a4b32eb909641c1f7f998db8db10ba.jpg, 1, 1, 1, 1
08fd33_0_6_png.rf.b22d9748b002d04e7b3cb93c60640f54.jpg, 1, 0, 1, 1
798b45_7_7_png.rf.b414c4bf854e3db3684805b4fe94d5d5.jpg, 1, 1, 1, 1
744b27_7_3_png.rf.b10ba2d2cd5ed5cea4cd681cc69e3607.jpg, 1, 0, 1, 1
08fd33_3_10_png.rf.b5838f78761565f6c6ee0bb3ae3b07d6.jpg, 1, 1, 1, 1
573e61_1_8_png.rf.b8a4eb7e86969f5dee60eabbd4f82619.jpg, 1, 0, 1, 1
4b770a_1_5_png.rf.b841500cc94845888cc5fb18bac3e9de.jpg, 1, 0, 1, 1
cd987c_0_3_png.rf.b8221ec6cbcfae7695b22277f2ac16a2.jpg, 1, 1, 1, 1
54745b_9_3_png.rf.b6c815be822ef05e04f245b81a72f48e.jpg, 1, 1, 1, 1
121364_9_6_png.rf.b97c7c1a9cd0c6bfc83679a2534a8bbb.jpg, 0, 1, 1, 1
573e61_3_8_png.rf.ba46efe750f5141c068f05bb17b768bc.jpg, 1, 0, 1, 1
798b45_3_4_png.rf.ba181a0052d45f0cd880962836a4342c.jpg, 1, 1, 1, 1
538438_9_10_png.rf.b2f1ebcfd687b43c21b87c288a9d11bb.jpg, 1, 0, 1, 1
c01561_1_7_png.rf.ba5b5cbcb0fccc16c638f1f107719d67.jpg, 1, 1, 1, 1
40cd38_7_3_png.rf.bcd61c4f066b1882efa5a9d9e7487733.jpg, 1, 1, 1, 1
2e57b9_9_2_png.rf.b9eeb22273b3d0c3c369d3606c731b40.jpg, 1, 1, 1, 1
42ba34_1_2_png.rf.bccc72bbae78527fe46abfb20cb69ba4.jpg, 1, 0, 1, 1
744b27_7_10_png.rf.b5cc498670b03018318966869a23d750.jpg, 1, 0, 1, 1
121364_9_1_png.rf.ba97a707d32a0925b0140f59864e3c2c.jpg, 1, 1, 1, 1
798b45_3_2_png.rf.bf217c354dbf40cf6d35bcd8d84e9692.jpg, 1, 0, 1, 1
538438_9_9_png.rf.b41b8d3bc5ce5ec5dd7a85cc55912af9.jpg, 1, 1, 1, 1
798b45_3_1_png.rf.bbddc7296314653bee5d089ec7447229.jpg, 1, 0, 1, 1
42ba34_7_6_png.rf.bf9916c4fbb3cb0fcc1e462cd924ed14.jpg, 1, 1, 1, 1
c01561_1_5_png.rf.bbf567644341c127d7f69f264e16ca35.jpg, 1, 1, 1, 1
42ba34_7_4_png.rf.c0204fe692e39cadce2a6ef3da1eb8fc.jpg, 1, 1, 1, 1
744b27_9_10_png.rf.bfabd29ee6e4848af94d52e368f5e79f.jpg, 0, 1, 1, 1
744b27_3_3_png.rf.c092f7a33e8e638026abb475d13e838a.jpg, 0, 1, 1, 1
08fd33_6_2_png.rf.c0def09a8caadae9ee5fc8e2d39f70f7.jpg, 1, 0, 1, 1
40cd38_7_1_png.rf.c1070b9d6bdb7bfd169e6129c487d77e.jpg, 1, 1, 1, 1
2e57b9_9_2_png.rf.bf56f83b933aea1ed6c339f5b4331b6f.jpg, 1, 1, 1, 1
4b770a_7_4_png.rf.be71a2ffcf53b77e314ee1f7322f1b87.jpg, 1, 0, 1, 1
538438_3_2_png.rf.c14c18d1c7db9fa7cf59ae58bb9d3e24.jpg, 1, 1, 1, 1
08fd33_3_2_png.rf.c26369d58e5c0ad196367b160d300604.jpg, 1, 0, 1, 1
798b45_7_3_png.rf.c04117a6fcaca50a8bae689048d29b71.jpg, 0, 0, 1, 1
4b770a_1_2_png.rf.c20e413a88b8843bd3606976ac8a341e.jpg, 0, 1, 1, 1
08fd33_6_3_png.rf.c2faf9e54ed41259c88aad0edc03c402.jpg, 0, 0, 1, 1
121364_9_7_png.rf.c9e021e785f6621a3a678ea67c6c3a66.jpg, 1, 1, 1, 1
4b770a_7_7_png.rf.c711ab0fdfdded9c666ca697306b772a.jpg, 1, 0, 1, 1
08fd33_9_9_png.rf.c2dea7d5f279170e27c1419d89c7379d.jpg, 1, 0, 1, 1
744b27_3_4_png.rf.c4c94cf9b170678b53561db6cca0f89d.jpg, 0, 1, 1, 1
798b45_1_7_png.rf.c6b6c75ca75300943111880914c22b62.jpg, 1, 1, 1, 1
538438_1_1_png.rf.ca6f1fa0b0671230cfe68daa36255f04.jpg, 1, 0, 1, 1
08fd33_6_5_png.rf.c92dc95ec1599187db3f85c9c00dd5f1.jpg, 1, 0, 1, 1
42ba34_3_4_png.rf.c40e8b12f0c7e83cc9fae4808ea1258b.jpg, 1, 1, 1, 1
08fd33_0_4_png.rf.c36b4668d33c813b318902b3f60b149b.jpg, 1, 0, 1, 1
08fd33_6_7_png.rf.c7e3e003393db23c4b817f523a49932d.jpg, 1, 1, 1, 1
744b27_1_5_png.rf.c36c189f1922007f17a5e84c3c78966e.jpg, 0, 1, 1, 1
40cd38_3_5_png.rf.cab44a5f64daae213e5266b9841113e8.jpg, 1, 1, 1, 1
08fd33_6_6_png.rf.ca1d8cba1caabb2151711cc48552a923.jpg, 1, 0, 1, 1
798b45_1_6_png.rf.c24783c9442d3c63d0eb7c532d22e486.jpg, 1, 1, 1, 1
121364_9_7_png.rf.c9f26b68957b71159541823c60d05c30.jpg, 1, 1, 1, 1
cd987c_0_1_png.rf.c6ef926f6bb42fc214e9a0292717efee.jpg, 1, 0, 1, 1
798b45_7_2_png.rf.cb55818f67ef675493149cf18d9ae188.jpg, 1, 0, 1, 1
798b45_7_6_png.rf.c8c17f3473390c7ebc0f46e07ea575d5.jpg, 0, 1, 1, 1
121364_9_5_png.rf.cb144d501dfbaf6c50b351d02876c2dd.jpg, 1, 0, 1, 1
a9f16c_5_9_png.rf.cafa656ce97d4995d4746281cbc0c747.jpg, 1, 1, 1, 1
42ba34_5_2_png.rf.cb9ec8ba449252d964440ab1eb7319da.jpg, 1, 0, 1, 1
42ba34_3_1_png.rf.ca2f8fa7a5ba12640b6bb5fc05094e5f.jpg, 1, 1, 1, 1
2e57b9_9_3_png.rf.cc1d655a1359088b623260c53cc86796.jpg, 0, 1, 1, 1
573e61_7_8_png.rf.cc9beb772ea1e07a65c552c556a30654.jpg, 1, 1, 1, 1
2e57b9_9_3_png.rf.ccb2dabfbafed14119caf35e8c2cee23.jpg, 0, 1, 1, 1
a9f16c_2_8_png.rf.cc9e05aded81d9e1002a4687da26ce44.jpg, 1, 1, 1, 1
573e61_5_8_png.rf.cbc1fe33db0309a542fcf39bf6da2b93.jpg, 1, 1, 1, 1
573e61_7_9_png.rf.ce1a3a58d3946fb242a6c584bd19e82b.jpg, 0, 0, 1, 1
2e57b9_7_8_png.rf.c758bd836a4c09d9b6bc4f52443f7941.jpg, 1, 0, 1, 1